#VRML V2.0 utf8
# 3D model generated by easyeda2kicad.py (https://github.com/uPesy/easyeda2kicad.py)

Shape{
    appearance Appearance {
        material  Material 	{
            diffuseColor 1.0 1.0 0.0
            specularColor 0.5019607843137255 0.5019607843137255 0.0
            ambientIntensity 0.886
            transparency 0.0
            shininess 0.5
        }
    }
    geometry IndexedFaceSet {
        ccw TRUE
        solid FALSE
        coord DEF co Coordinate {
            point [
                -1.2599 0.4504 -1.0827, -1.4961 0.4504 -1.0827, -1.2599 0.4504 0.2165, -1.4961 0.4504 0.2165, -1.2599 0.3717 -1.0827, -1.4961 0.3717 -1.0827, -1.2599 0.3717 0.2165, -1.4961 0.3717 0.2165, -1.2599 0.2929 0.2953, -1.4961 0.2929 0.2953, -1.2599 0.3133 0.2926, -1.4961 0.3133 0.2926, -1.2599 0.3323 0.2847, -1.4961 0.3323 0.2847, -1.2599 0.3486 0.2722, -1.4961 0.3486 0.2722, -1.2599 0.3611 0.2559, -1.4961 0.3611 0.2559, -1.2599 0.369 0.2369, -1.4961 0.369 0.2369, -1.5748 -0.3764 0.2953, -1.5748 0.0961 0.2953, -1.1811 -0.3764 0.2953, -1.4961 0.0961 0.2953, -1.1811 0.0961 0.2953, -1.2599 0.0961 0.2953, -1.1811 -0.3764 0.374, -1.5748 -0.3764 0.374, -1.4961 0.0961 0.374, -1.5748 0.0961 0.374, -1.1811 0.0961 0.374, -1.2599 0.0961 0.374, -1.2599 0.2929 0.374, -1.4961 0.2929 0.374, -1.4961 0.4464 0.2516, -1.2599 0.4464 0.2516, -1.4961 0.4348 0.2849, -1.2599 0.4348 0.2849, -1.4961 0.416 0.3147, -1.2599 0.416 0.3147, -1.4961 0.3911 0.3397, -1.2599 0.3911 0.3397, -1.4961 0.3612 0.3584, -1.2599 0.3612 0.3584, -1.4961 0.328 0.3701, -1.2599 0.328 0.3701, -0.2756 0.4504 -1.0827, -0.5119 0.4504 -1.0827, -0.2756 0.4504 0.2165, -0.5119 0.4504 0.2165, -0.2756 0.3717 -1.0827, -0.5119 0.3717 -1.0827, -0.2756 0.3717 0.2165, -0.5119 0.3717 0.2165, -0.2756 0.2929 0.2953, -0.5119 0.2929 0.2953, -0.2756 0.3133 0.2926, -0.5119 0.3133 0.2926, -0.2756 0.3323 0.2847, -0.5119 0.3323 0.2847, -0.2756 0.3486 0.2722, -0.5119 0.3486 0.2722, -0.2756 0.3611 0.2559, -0.5119 0.3611 0.2559, -0.2756 0.369 0.2369, -0.5119 0.369 0.2369, -0.5906 -0.3764 0.2953, -0.5906 0.0961 0.2953, -0.1969 -0.3764 0.2953, -0.5119 0.0961 0.2953, -0.1969 0.0961 0.2953, -0.2756 0.0961 0.2953, -0.1969 -0.3764 0.374, -0.5906 -0.3764 0.374, -0.5119 0.0961 0.374, -0.5906 0.0961 0.374, -0.1969 0.0961 0.374, -0.2756 0.0961 0.374, -0.2756 0.2929 0.374, -0.5119 0.2929 0.374, -0.5119 0.4464 0.2516, -0.2756 0.4464 0.2516, -0.5119 0.4348 0.2849, -0.2756 0.4348 0.2849, -0.5119 0.416 0.3147, -0.2756 0.416 0.3147, -0.5119 0.3911 0.3397, -0.2756 0.3911 0.3397, -0.5119 0.3612 0.3584, -0.2756 0.3612 0.3584, -0.5119 0.328 0.3701, -0.2756 0.328 0.3701, 0.5118 0.4504 -1.0827, 0.2756 0.4504 -1.0827, 0.5118 0.4504 0.2165, 0.2756 0.4504 0.2165, 0.2756 0.3717 -1.0827, 0.5118 0.3717 -1.0827, 0.2756 0.3717 0.2165, 0.5118 0.3717 0.2165, 0.2756 0.369 0.2369, 0.5118 0.369 0.2369, 0.2756 0.3611 0.2559, 0.5118 0.3611 0.2559, 0.2756 0.3486 0.2722, 0.5118 0.3486 0.2722, 0.2756 0.3323 0.2847, 0.5118 0.3323 0.2847, 0.2756 0.3133 0.2926, 0.5118 0.3133 0.2926, 0.2756 0.2929 0.2953, 0.5118 0.2929 0.2953, 0.1968 -0.3764 0.2953, 0.1968 0.0961 0.2953, 0.5905 -0.3764 0.2953, 0.2756 0.0961 0.2953, 0.5905 0.0961 0.2953, 0.5118 0.0961 0.2953, 0.1968 -0.3764 0.374, 0.5905 -0.3764 0.374, 0.2756 0.0961 0.374, 0.1968 0.0961 0.374, 0.5905 0.0961 0.374, 0.5118 0.0961 0.374, 0.5118 0.2929 0.374, 0.2756 0.2929 0.374, 0.5118 0.328 0.3701, 0.2756 0.328 0.3701, 0.5118 0.3612 0.3584, 0.2756 0.3612 0.3584, 0.5118 0.3911 0.3397, 0.2756 0.3911 0.3397, 0.5118 0.416 0.3147, 0.2756 0.416 0.3147, 0.5118 0.4348 0.2849, 0.2756 0.4348 0.2849, 0.5118 0.4464 0.2516, 0.2756 0.4464 0.2516, 1.496 0.4504 -1.0827, 1.2598 0.4504 -1.0827, 1.496 0.4504 0.2165, 1.2598 0.4504 0.2165, 1.2598 0.3717 -1.0827, 1.496 0.3717 -1.0827, 1.2598 0.3717 0.2165, 1.496 0.3717 0.2165, 1.2598 0.369 0.2369, 1.496 0.369 0.2369, 1.2598 0.3611 0.2559, 1.496 0.3611 0.2559, 1.2598 0.3486 0.2722, 1.496 0.3486 0.2722, 1.2598 0.3323 0.2847, 1.496 0.3323 0.2847, 1.2598 0.3133 0.2926, 1.496 0.3133 0.2926, 1.2598 0.2929 0.2953, 1.496 0.2929 0.2953, 1.1811 -0.3764 0.2953, 1.1811 0.0961 0.2953, 1.5748 -0.3764 0.2953, 1.2598 0.0961 0.2953, 1.5748 0.0961 0.2953, 1.496 0.0961 0.2953, 1.1811 -0.3764 0.374, 1.5748 -0.3764 0.374, 1.2598 0.0961 0.374, 1.1811 0.0961 0.374, 1.5748 0.0961 0.374, 1.496 0.0961 0.374, 1.496 0.2929 0.374, 1.2598 0.2929 0.374, 1.496 0.328 0.3701, 1.2598 0.328 0.3701, 1.496 0.3612 0.3584, 1.2598 0.3612 0.3584, 1.496 0.3911 0.3397, 1.2598 0.3911 0.3397, 1.496 0.416 0.3147, 1.2598 0.416 0.3147, 1.496 0.4348 0.2849, 1.2598 0.4348 0.2849, 1.496 0.4464 0.2516, 1.2598 0.4464 0.2516
            ]
        }
        coordIndex [
            0,1,2,-1,2,1,3,-1,0,4,1,-1,1,4,5,-1,4,6,5,-1,5,6,7,-1,8,9,10,-1,10,9,11,-1,10,11,12,-1,12,11,13,-1,12,13,14,-1,14,13,15,-1,14,15,16,-1,16,15,17,-1,16,17,18,-1,18,17,19,-1,18,19,6,-1,6,19,7,-1,20,21,22,-1,22,21,23,-1,24,22,25,-1,25,22,23,-1,25,23,8,-1,8,23,9,-1,22,26,20,-1,20,26,27,-1,28,29,27,-1,26,30,31,-1,32,33,31,-1,31,33,28,-1,31,28,26,-1,26,28,27,-1,2,3,34,-1,2,34,35,-1,35,34,36,-1,35,36,37,-1,37,36,38,-1,37,38,39,-1,39,38,40,-1,39,40,41,-1,41,40,42,-1,41,42,43,-1,43,42,44,-1,43,44,45,-1,45,44,33,-1,45,33,32,-1,26,22,30,-1,30,22,24,-1,27,29,20,-1,20,29,21,-1,23,28,9,-1,9,28,33,-1,9,33,11,-1,11,33,44,-1,11,44,13,-1,1,5,3,-1,3,5,7,-1,3,7,34,-1,34,7,19,-1,34,19,36,-1,36,19,17,-1,36,17,38,-1,38,17,15,-1,38,15,40,-1,40,15,13,-1,40,13,42,-1,42,13,44,-1,29,28,21,-1,21,28,23,-1,4,0,6,-1,6,0,2,-1,6,2,18,-1,18,2,35,-1,18,35,16,-1,16,35,37,-1,16,37,14,-1,31,25,32,-1,32,25,8,-1,32,8,45,-1,45,8,10,-1,45,10,43,-1,43,10,12,-1,43,12,41,-1,41,12,14,-1,41,14,39,-1,39,14,37,-1,31,30,25,-1,25,30,24,-1,46,47,48,-1,48,47,49,-1,46,50,47,-1,47,50,51,-1,50,52,51,-1,51,52,53,-1,54,55,56,-1,56,55,57,-1,56,57,58,-1,58,57,59,-1,58,59,60,-1,60,59,61,-1,60,61,62,-1,62,61,63,-1,62,63,64,-1,64,63,65,-1,64,65,52,-1,52,65,53,-1,66,67,68,-1,68,67,69,-1,70,68,71,-1,71,68,69,-1,71,69,54,-1,54,69,55,-1,68,72,66,-1,66,72,73,-1,74,75,73,-1,72,76,77,-1,78,79,77,-1,77,79,74,-1,77,74,72,-1,72,74,73,-1,48,49,80,-1,48,80,81,-1,81,80,82,-1,81,82,83,-1,83,82,84,-1,83,84,85,-1,85,84,86,-1,85,86,87,-1,87,86,88,-1,87,88,89,-1,89,88,90,-1,89,90,91,-1,91,90,79,-1,91,79,78,-1,72,68,76,-1,76,68,70,-1,73,75,66,-1,66,75,67,-1,69,74,55,-1,55,74,79,-1,55,79,57,-1,57,79,90,-1,57,90,59,-1,47,51,49,-1,49,51,53,-1,49,53,80,-1,80,53,65,-1,80,65,82,-1,82,65,63,-1,82,63,84,-1,84,63,61,-1,84,61,86,-1,86,61,59,-1,86,59,88,-1,88,59,90,-1,75,74,67,-1,67,74,69,-1,50,46,52,-1,52,46,48,-1,52,48,64,-1,64,48,81,-1,64,81,62,-1,62,81,83,-1,62,83,60,-1,77,71,78,-1,78,71,54,-1,78,54,91,-1,91,54,56,-1,91,56,89,-1,89,56,58,-1,89,58,87,-1,87,58,60,-1,87,60,85,-1,85,60,83,-1,77,76,71,-1,71,76,70,-1,92,93,94,-1,94,93,95,-1,96,93,97,-1,97,93,92,-1,98,96,99,-1,99,96,97,-1,98,99,100,-1,100,99,101,-1,100,101,102,-1,102,101,103,-1,102,103,104,-1,104,103,105,-1,104,105,106,-1,106,105,107,-1,106,107,108,-1,108,107,109,-1,108,109,110,-1,110,109,111,-1,112,113,114,-1,114,113,115,-1,116,114,117,-1,117,114,115,-1,117,115,111,-1,111,115,110,-1,118,112,119,-1,119,112,114,-1,120,121,118,-1,119,122,123,-1,124,125,123,-1,123,125,120,-1,123,120,119,-1,119,120,118,-1,125,124,126,-1,125,126,127,-1,127,126,128,-1,127,128,129,-1,129,128,130,-1,129,130,131,-1,131,130,132,-1,131,132,133,-1,133,132,134,-1,133,134,135,-1,135,134,136,-1,135,136,137,-1,137,136,94,-1,137,94,95,-1,112,118,113,-1,113,118,121,-1,122,119,116,-1,116,119,114,-1,97,92,99,-1,99,92,94,-1,99,94,101,-1,101,94,136,-1,101,136,103,-1,103,136,134,-1,103,134,105,-1,123,117,124,-1,124,117,111,-1,124,111,126,-1,126,111,109,-1,126,109,128,-1,128,109,107,-1,128,107,130,-1,130,107,105,-1,130,105,132,-1,132,105,134,-1,123,122,117,-1,117,122,116,-1,115,120,110,-1,110,120,125,-1,110,125,108,-1,108,125,127,-1,108,127,106,-1,93,96,95,-1,95,96,98,-1,95,98,137,-1,137,98,100,-1,137,100,135,-1,135,100,102,-1,135,102,133,-1,133,102,104,-1,133,104,131,-1,131,104,106,-1,131,106,129,-1,129,106,127,-1,121,120,113,-1,113,120,115,-1,138,139,140,-1,140,139,141,-1,142,139,143,-1,143,139,138,-1,144,142,145,-1,145,142,143,-1,144,145,146,-1,146,145,147,-1,146,147,148,-1,148,147,149,-1,148,149,150,-1,150,149,151,-1,150,151,152,-1,152,151,153,-1,152,153,154,-1,154,153,155,-1,154,155,156,-1,156,155,157,-1,158,159,160,-1,160,159,161,-1,162,160,163,-1,163,160,161,-1,163,161,157,-1,157,161,156,-1,164,158,165,-1,165,158,160,-1,166,167,164,-1,165,168,169,-1,170,171,169,-1,169,171,166,-1,169,166,165,-1,165,166,164,-1,171,170,172,-1,171,172,173,-1,173,172,174,-1,173,174,175,-1,175,174,176,-1,175,176,177,-1,177,176,178,-1,177,178,179,-1,179,178,180,-1,179,180,181,-1,181,180,182,-1,181,182,183,-1,183,182,140,-1,183,140,141,-1,158,164,159,-1,159,164,167,-1,168,165,162,-1,162,165,160,-1,143,138,145,-1,145,138,140,-1,145,140,147,-1,147,140,182,-1,147,182,149,-1,149,182,180,-1,149,180,151,-1,169,163,170,-1,170,163,157,-1,170,157,172,-1,172,157,155,-1,172,155,174,-1,174,155,153,-1,174,153,176,-1,176,153,151,-1,176,151,178,-1,178,151,180,-1,169,168,163,-1,163,168,162,-1,161,166,156,-1,156,166,171,-1,156,171,154,-1,154,171,173,-1,154,173,152,-1,139,142,141,-1,141,142,144,-1,141,144,183,-1,183,144,146,-1,183,146,181,-1,181,146,148,-1,181,148,179,-1,179,148,150,-1,179,150,177,-1,177,150,152,-1,177,152,175,-1,175,152,173,-1,167,166,159,-1,159,166,161,-1,
        ]
    }
}
Shape{
    appearance Appearance {
        material  Material 	{
            diffuseColor 1.0 1.0 1.0
            specularColor 0.5019607843137255 0.5019607843137255 0.5019607843137255
            ambientIntensity 1.0
            transparency 0.0
            shininess 0.5
        }
    }
    geometry IndexedFaceSet {
        ccw TRUE
        solid FALSE
        coord DEF co Coordinate {
            point [
                -2.2048 -3.3488 0.0197, -2.2441 -3.3488 0.8465, -2.2441 -3.3488 -0.5315, 2.2414 -3.3488 0.8668, 2.2335 -3.3488 0.8858, 2.221 -3.3488 0.9021, 2.2441 -3.3488 0.8465, 2.2047 -3.3488 0.9147, 2.1857 -3.3488 0.9225, 2.2047 -3.3488 0.0197, 2.1653 -3.3488 0.9252, -2.1654 -3.3488 0.9252, -2.1858 -3.3488 0.9225, -2.2048 -3.3488 0.9147, -2.2211 -3.3488 0.9021, -2.2336 -3.3488 0.8858, -2.2415 -3.3488 0.8668, 2.2441 -3.3488 -0.5315, 2.2047 -3.3488 -0.5315, 2.2414 -3.3488 -0.5519, 2.2033 -3.3488 -0.5417, 2.2335 -3.3488 -0.5709, 2.1994 -3.3488 -0.5512, 2.221 -3.3488 -0.5872, 2.1932 -3.3488 -0.5593, 2.2047 -3.3488 -0.5997, 2.185 -3.3488 -0.5656, 2.1857 -3.3488 -0.6076, 2.1755 -3.3488 -0.5695, 2.1653 -3.3488 -0.6102, 2.1653 -3.3488 -0.5709, -2.1654 -3.3488 -0.6102, -2.1654 -3.3488 -0.5709, -2.1858 -3.3488 -0.6076, -2.1756 -3.3488 -0.5695, -2.2048 -3.3488 -0.5997, -2.1851 -3.3488 -0.5656, -2.2211 -3.3488 -0.5872, -2.1932 -3.3488 -0.5593, -2.2336 -3.3488 -0.5709, -2.1995 -3.3488 -0.5512, -2.2415 -3.3488 -0.5519, -2.2034 -3.3488 -0.5417, -2.2048 -3.3488 -0.5315, -1.1811 0.0173 0.1772, 2.2441 0.0173 0.0591, -2.2441 0.0173 0.0591, -1.5748 0.0173 0.7677, -2.2441 0.0173 0.8465, -2.2415 0.0173 0.8668, -1.5748 0.0173 0.1772, -0.1969 0.0173 0.7677, -0.5906 0.0173 0.7677, -2.1654 0.0173 0.9252, -2.2336 0.0173 0.8858, -2.2211 0.0173 0.9021, -2.2048 0.0173 0.9147, -0.1969 0.0173 0.1772, -0.5906 0.0173 0.1772, -1.1811 0.0173 0.7677, -2.1858 0.0173 0.9225, 0.5905 0.0173 0.1772, 0.1968 0.0173 0.1772, 0.1968 0.0173 0.7677, 2.1857 0.0173 0.9225, 1.5748 0.0173 0.7677, 2.1653 0.0173 0.9252, 1.1811 0.0173 0.7677, 2.2047 0.0173 0.9147, 2.221 0.0173 0.9021, 2.2335 0.0173 0.8858, 0.5905 0.0173 0.7677, 1.1811 0.0173 0.1772, 1.5748 0.0173 0.1772, 2.2441 0.0173 0.8465, 2.2414 0.0173 0.8668, 2.2441 -1.5772 0.0591, 2.2441 -1.5772 -0.5315, -1.0308 -0.2927 0.0591, -1.0042 -0.2581 0.0591, -0.9695 -0.2315 0.0591, 0.8021 -0.2315 0.0591, 0.7675 -0.2581 0.0591, -1.0308 -0.46 0.0591, -1.0042 -0.4947 0.0591, -2.2441 -1.5772 0.0591, -1.0475 -0.3331 0.0591, -1.0532 -0.3764 0.0591, -1.0475 -0.4197 0.0591, 0.8858 -0.5437 0.0591, 0.8425 -0.538 0.0591, 0.9291 -0.538 0.0591, 0.9694 -0.5213 0.0591, 1.0041 -0.4947 0.0591, -0.9695 -0.5213 0.0591, -0.9292 -0.538 0.0591, -0.8859 -0.5437 0.0591, 0.7409 -0.46 0.0591, 0.7675 -0.4947 0.0591, 0.8021 -0.5213 0.0591, 1.0474 -0.3331 0.0591, 1.0307 -0.2927 0.0591, 1.0041 -0.2581 0.0591, 0.9694 -0.2315 0.0591, 0.9291 -0.2148 0.0591, 0.8858 -0.2091 0.0591, 0.8425 -0.2148 0.0591, -0.741 -0.46 0.0591, 0.7185 -0.3764 0.0591, -0.7676 -0.4947 0.0591, -0.8022 -0.5213 0.0591, 0.7242 -0.4197 0.0591, -0.8426 -0.538 0.0591, 1.0307 -0.46 0.0591, 1.0474 -0.4197 0.0591, 1.0531 -0.3764 0.0591, -0.8022 -0.2315 0.0591, -0.7676 -0.2581 0.0591, 0.7409 -0.2927 0.0591, -0.8426 -0.2148 0.0591, -0.8859 -0.2091 0.0591, -0.9292 -0.2148 0.0591, -0.7242 -0.4197 0.0591, -0.7185 -0.3764 0.0591, 0.7242 -0.3331 0.0591, -0.7242 -0.3331 0.0591, -0.741 -0.2927 0.0591, -2.2441 -1.5772 -0.5315, -2.2415 -1.5772 -0.5519, -2.2336 -1.5772 -0.5709, -2.2211 -1.5772 -0.5872, -2.2048 -1.5772 -0.5997, -2.1858 -1.5772 -0.6076, -2.1654 -1.5772 -0.6102, 2.1653 -1.5772 -0.6102, 2.1857 -1.5772 -0.6076, 2.2047 -1.5772 -0.5997, 2.221 -1.5772 -0.5872, 2.2335 -1.5772 -0.5709, 2.2414 -1.5772 -0.5519, 2.2047 -7.1677 0.0197, -2.2048 -7.1677 0.0197, 2.2047 -7.3646 -0.1772, 2.2047 -7.3646 -0.5315, 2.1653 -7.3646 -0.5709, 2.1755 -7.3646 -0.5695, 2.185 -7.3646 -0.5656, 2.1932 -7.3646 -0.5593, 2.1994 -7.3646 -0.5512, 2.2033 -7.3646 -0.5417, -2.1654 -7.3646 -0.5709, -2.2048 -7.3646 -0.5315, -2.2034 -7.3646 -0.5417, -2.1995 -7.3646 -0.5512, -2.1932 -7.3646 -0.5593, -2.1851 -7.3646 -0.5656, -2.1756 -7.3646 -0.5695, -2.2048 -7.3646 -0.1772, 0.8425 -0.2148 -0.3543, 0.8021 -0.2315 -0.3543, 0.7675 -0.2581 -0.3543, 0.7409 -0.2927 -0.3543, 0.7242 -0.3331 -0.3543, 0.7185 -0.3764 -0.3543, 0.7242 -0.4197 -0.3543, 0.7409 -0.46 -0.3543, 0.7675 -0.4947 -0.3543, 0.8021 -0.5213 -0.3543, 0.8425 -0.538 -0.3543, 0.8858 -0.5437 -0.3543, 0.9291 -0.538 -0.3543, 0.9694 -0.5213 -0.3543, 1.0041 -0.4947 -0.3543, 1.0307 -0.46 -0.3543, 1.0474 -0.4197 -0.3543, 1.0531 -0.3764 -0.3543, 1.0474 -0.3331 -0.3543, 1.0307 -0.2927 -0.3543, 1.0041 -0.2581 -0.3543, 0.9694 -0.2315 -0.3543, 0.9291 -0.2148 -0.3543, 0.8858 -0.2091 -0.3543, 0.9498 -0.4872 -0.3937, 0.9189 -0.5 -0.3937, 0.8858 -0.3764 -0.3937, 0.8858 -0.5043 -0.3937, 0.8527 -0.5 -0.3937, 1.0094 -0.4095 -0.3937, 0.9966 -0.4404 -0.3937, 0.9763 -0.4669 -0.3937, 0.9966 -0.3124 -0.3937, 1.0094 -0.3433 -0.3937, 1.0137 -0.3764 -0.3937, 0.9189 -0.2528 -0.3937, 0.9498 -0.2656 -0.3937, 0.9763 -0.2859 -0.3937, 0.8218 -0.2656 -0.3937, 0.8527 -0.2528 -0.3937, 0.8858 -0.2484 -0.3937, 0.7622 -0.3433 -0.3937, 0.775 -0.3124 -0.3937, 0.7953 -0.2859 -0.3937, 0.775 -0.4404 -0.3937, 0.7622 -0.4095 -0.3937, 0.7578 -0.3764 -0.3937, 0.8218 -0.4872 -0.3937, 0.7953 -0.4669 -0.3937, -0.9292 -0.2148 -0.3543, -0.9695 -0.2315 -0.3543, -1.0042 -0.2581 -0.3543, -1.0308 -0.2927 -0.3543, -1.0475 -0.3331 -0.3543, -1.0532 -0.3764 -0.3543, -1.0475 -0.4197 -0.3543, -1.0308 -0.46 -0.3543, -1.0042 -0.4947 -0.3543, -0.9695 -0.5213 -0.3543, -0.9292 -0.538 -0.3543, -0.8859 -0.5437 -0.3543, -0.8426 -0.538 -0.3543, -0.8022 -0.5213 -0.3543, -0.7676 -0.4947 -0.3543, -0.741 -0.46 -0.3543, -0.7242 -0.4197 -0.3543, -0.7185 -0.3764 -0.3543, -0.7242 -0.3331 -0.3543, -0.741 -0.2927 -0.3543, -0.7676 -0.2581 -0.3543, -0.8022 -0.2315 -0.3543, -0.8426 -0.2148 -0.3543, -0.8859 -0.2091 -0.3543, -0.9498 -0.2656 -0.3937, -0.919 -0.2528 -0.3937, -0.8859 -0.3764 -0.3937, -0.8859 -0.2484 -0.3937, -0.8528 -0.2528 -0.3937, -1.0095 -0.3433 -0.3937, -0.9967 -0.3124 -0.3937, -0.9763 -0.2859 -0.3937, -0.9967 -0.4404 -0.3937, -1.0095 -0.4095 -0.3937, -1.0138 -0.3764 -0.3937, -0.919 -0.5 -0.3937, -0.9498 -0.4872 -0.3937, -0.9763 -0.4669 -0.3937, -0.8219 -0.4872 -0.3937, -0.8528 -0.5 -0.3937, -0.8859 -0.5043 -0.3937, -0.7623 -0.4095 -0.3937, -0.7751 -0.4404 -0.3937, -0.7954 -0.4669 -0.3937, -0.7751 -0.3124 -0.3937, -0.7623 -0.3433 -0.3937, -0.7579 -0.3764 -0.3937, -0.8219 -0.2656 -0.3937, -0.7954 -0.2859 -0.3937, -0.9288 -0.2161 -0.3645, -0.9689 -0.2326 -0.3645, -1.0032 -0.259 -0.3645, -1.0296 -0.2934 -0.3645, -1.0462 -0.3334 -0.3645, -1.0518 -0.3764 -0.3645, -1.0462 -0.4193 -0.3645, -1.0296 -0.4594 -0.3645, -1.0032 -0.4937 -0.3645, -0.9689 -0.5201 -0.3645, -0.9288 -0.5367 -0.3645, -0.8859 -0.5424 -0.3645, -0.8429 -0.5367 -0.3645, -0.8029 -0.5201 -0.3645, -0.7685 -0.4937 -0.3645, -0.7421 -0.4594 -0.3645, -0.7255 -0.4193 -0.3645, -0.7199 -0.3764 -0.3645, -0.7255 -0.3334 -0.3645, -0.7421 -0.2934 -0.3645, -0.7685 -0.259 -0.3645, -0.8029 -0.2326 -0.3645, -0.8429 -0.2161 -0.3645, -0.8859 -0.2104 -0.3645, -0.9278 -0.2199 -0.374, -0.9669 -0.236 -0.374, -1.0005 -0.2618 -0.374, -1.0262 -0.2954 -0.374, -1.0424 -0.3344 -0.374, -1.0479 -0.3764 -0.374, -1.0424 -0.4183 -0.374, -1.0262 -0.4574 -0.374, -1.0005 -0.491 -0.374, -0.9669 -0.5167 -0.374, -0.9278 -0.5329 -0.374, -0.8859 -0.5384 -0.374, -0.8439 -0.5329 -0.374, -0.8048 -0.5167 -0.374, -0.7713 -0.491 -0.374, -0.7455 -0.4574 -0.374, -0.7293 -0.4183 -0.374, -0.7238 -0.3764 -0.374, -0.7293 -0.3344 -0.374, -0.7455 -0.2954 -0.374, -0.7713 -0.2618 -0.374, -0.8048 -0.236 -0.374, -0.8439 -0.2199 -0.374, -0.8859 -0.2143 -0.374, -0.9262 -0.2259 -0.3822, -0.9638 -0.2415 -0.3822, -0.996 -0.2662 -0.3822, -1.0208 -0.2985 -0.3822, -1.0363 -0.3361 -0.3822, -1.0417 -0.3764 -0.3822, -1.0363 -0.4167 -0.3822, -1.0208 -0.4543 -0.3822, -0.996 -0.4865 -0.3822, -0.9638 -0.5113 -0.3822, -0.9262 -0.5269 -0.3822, -0.8859 -0.5322 -0.3822, -0.8455 -0.5269 -0.3822, -0.808 -0.5113 -0.3822, -0.7757 -0.4865 -0.3822, -0.7509 -0.4543 -0.3822, -0.7354 -0.4167 -0.3822, -0.7301 -0.3764 -0.3822, -0.7354 -0.3361 -0.3822, -0.7509 -0.2985 -0.3822, -0.7757 -0.2662 -0.3822, -0.808 -0.2415 -0.3822, -0.8455 -0.2259 -0.3822, -0.8859 -0.2206 -0.3822, -0.9241 -0.2338 -0.3884, -0.9597 -0.2485 -0.3884, -0.9903 -0.272 -0.3884, -1.0137 -0.3026 -0.3884, -1.0285 -0.3382 -0.3884, -1.0335 -0.3764 -0.3884, -1.0285 -0.4146 -0.3884, -1.0137 -0.4502 -0.3884, -0.9903 -0.4808 -0.3884, -0.9597 -0.5042 -0.3884, -0.9241 -0.519 -0.3884, -0.8859 -0.524 -0.3884, -0.8477 -0.519 -0.3884, -0.812 -0.5042 -0.3884, -0.7815 -0.4808 -0.3884, -0.758 -0.4502 -0.3884, -0.7433 -0.4146 -0.3884, -0.7382 -0.3764 -0.3884, -0.7433 -0.3382 -0.3884, -0.758 -0.3026 -0.3884, -0.7815 -0.272 -0.3884, -0.812 -0.2485 -0.3884, -0.8477 -0.2338 -0.3884, -0.8859 -0.2287 -0.3884, -0.9216 -0.2429 -0.3924, -0.9549 -0.2567 -0.3924, -0.9835 -0.2787 -0.3924, -1.0055 -0.3073 -0.3924, -1.0193 -0.3406 -0.3924, -1.024 -0.3764 -0.3924, -1.0193 -0.4121 -0.3924, -1.0055 -0.4455 -0.3924, -0.9835 -0.4741 -0.3924, -0.9549 -0.496 -0.3924, -0.9216 -0.5098 -0.3924, -0.8859 -0.5145 -0.3924, -0.8501 -0.5098 -0.3924, -0.8168 -0.496 -0.3924, -0.7882 -0.4741 -0.3924, -0.7662 -0.4455 -0.3924, -0.7524 -0.4121 -0.3924, -0.7477 -0.3764 -0.3924, -0.7524 -0.3406 -0.3924, -0.7662 -0.3073 -0.3924, -0.7882 -0.2787 -0.3924, -0.8168 -0.2567 -0.3924, -0.8501 -0.2429 -0.3924, -0.8859 -0.2382 -0.3924, 0.85 -0.5098 -0.3924, 0.8167 -0.496 -0.3924, 0.7881 -0.4741 -0.3924, 0.7662 -0.4455 -0.3924, 0.7524 -0.4121 -0.3924, 0.7476 -0.3764 -0.3924, 0.7524 -0.3406 -0.3924, 0.7662 -0.3073 -0.3924, 0.7881 -0.2787 -0.3924, 0.8167 -0.2567 -0.3924, 0.85 -0.2429 -0.3924, 0.8858 -0.2382 -0.3924, 0.9215 -0.2429 -0.3924, 0.9549 -0.2567 -0.3924, 0.9835 -0.2787 -0.3924, 1.0054 -0.3073 -0.3924, 1.0192 -0.3406 -0.3924, 1.0239 -0.3764 -0.3924, 1.0192 -0.4121 -0.3924, 1.0054 -0.4455 -0.3924, 0.9835 -0.4741 -0.3924, 0.9549 -0.496 -0.3924, 0.9215 -0.5098 -0.3924, 0.8858 -0.5145 -0.3924, 0.8476 -0.519 -0.3884, 0.812 -0.5042 -0.3884, 0.7814 -0.4808 -0.3884, 0.7579 -0.4502 -0.3884, 0.7432 -0.4146 -0.3884, 0.7381 -0.3764 -0.3884, 0.7432 -0.3382 -0.3884, 0.7579 -0.3026 -0.3884, 0.7814 -0.272 -0.3884, 0.812 -0.2485 -0.3884, 0.8476 -0.2338 -0.3884, 0.8858 -0.2287 -0.3884, 0.924 -0.2338 -0.3884, 0.9596 -0.2485 -0.3884, 0.9902 -0.272 -0.3884, 1.0136 -0.3026 -0.3884, 1.0284 -0.3382 -0.3884, 1.0334 -0.3764 -0.3884, 1.0284 -0.4146 -0.3884, 1.0136 -0.4502 -0.3884, 0.9902 -0.4808 -0.3884, 0.9596 -0.5042 -0.3884, 0.924 -0.519 -0.3884, 0.8858 -0.524 -0.3884, 0.8455 -0.5269 -0.3822, 0.8079 -0.5113 -0.3822, 0.7756 -0.4865 -0.3822, 0.7509 -0.4543 -0.3822, 0.7353 -0.4167 -0.3822, 0.73 -0.3764 -0.3822, 0.7353 -0.3361 -0.3822, 0.7509 -0.2985 -0.3822, 0.7756 -0.2662 -0.3822, 0.8079 -0.2415 -0.3822, 0.8455 -0.2259 -0.3822, 0.8858 -0.2206 -0.3822, 0.9261 -0.2259 -0.3822, 0.9637 -0.2415 -0.3822, 0.9959 -0.2662 -0.3822, 1.0207 -0.2985 -0.3822, 1.0363 -0.3361 -0.3822, 1.0416 -0.3764 -0.3822, 1.0363 -0.4167 -0.3822, 1.0207 -0.4543 -0.3822, 0.9959 -0.4865 -0.3822, 0.9637 -0.5113 -0.3822, 0.9261 -0.5269 -0.3822, 0.8858 -0.5322 -0.3822, 0.8438 -0.5329 -0.374, 0.8048 -0.5167 -0.374, 0.7712 -0.491 -0.374, 0.7454 -0.4574 -0.374, 0.7293 -0.4183 -0.374, 0.7237 -0.3764 -0.374, 0.7293 -0.3344 -0.374, 0.7454 -0.2954 -0.374, 0.7712 -0.2618 -0.374, 0.8048 -0.236 -0.374, 0.8438 -0.2199 -0.374, 0.8858 -0.2143 -0.374, 0.9277 -0.2199 -0.374, 0.9668 -0.236 -0.374, 1.0004 -0.2618 -0.374, 1.0261 -0.2954 -0.374, 1.0423 -0.3344 -0.374, 1.0478 -0.3764 -0.374, 1.0423 -0.4183 -0.374, 1.0261 -0.4574 -0.374, 1.0004 -0.491 -0.374, 0.9668 -0.5167 -0.374, 0.9277 -0.5329 -0.374, 0.8858 -0.5384 -0.374, 0.8428 -0.5367 -0.3645, 0.8028 -0.5201 -0.3645, 0.7684 -0.4937 -0.3645, 0.742 -0.4594 -0.3645, 0.7255 -0.4193 -0.3645, 0.7198 -0.3764 -0.3645, 0.7255 -0.3334 -0.3645, 0.742 -0.2934 -0.3645, 0.7684 -0.259 -0.3645, 0.8028 -0.2326 -0.3645, 0.8428 -0.2161 -0.3645, 0.8858 -0.2104 -0.3645, 0.9287 -0.2161 -0.3645, 0.9688 -0.2326 -0.3645, 1.0032 -0.259 -0.3645, 1.0295 -0.2934 -0.3645, 1.0461 -0.3334 -0.3645, 1.0518 -0.3764 -0.3645, 1.0461 -0.4193 -0.3645, 1.0295 -0.4594 -0.3645, 1.0032 -0.4937 -0.3645, 0.9688 -0.5201 -0.3645, 0.9287 -0.5367 -0.3645, 0.8858 -0.5424 -0.3645, 0.5905 -0.3764 0.7677, 0.1968 -0.3764 0.7677, 0.1968 -0.3764 0.1772, 0.5905 -0.3764 0.1772, -0.1969 -0.3764 0.7677, -0.5906 -0.3764 0.7677, -0.5906 -0.3764 0.1772, -0.1969 -0.3764 0.1772, -1.1811 -0.3764 0.7677, -1.5748 -0.3764 0.7677, -1.5748 -0.3764 0.1772, -1.1811 -0.3764 0.1772, 1.5748 -0.3764 0.1772, 1.5748 -0.3764 0.7677, 1.1811 -0.3764 0.7677, 1.1811 -0.3764 0.1772
            ]
        }
        coordIndex [
            0,1,2,-1,3,4,5,-1,3,5,6,-1,6,5,7,-1,6,7,8,-1,9,10,0,-1,0,10,11,-1,0,11,1,-1,1,11,12,-1,1,12,13,-1,13,14,1,-1,1,14,15,-1,1,15,16,-1,8,10,6,-1,6,10,9,-1,6,9,17,-1,17,9,18,-1,17,18,19,-1,19,18,20,-1,19,20,21,-1,21,20,22,-1,21,22,23,-1,23,22,24,-1,23,24,25,-1,25,24,26,-1,25,26,27,-1,27,26,28,-1,27,28,29,-1,29,28,30,-1,29,30,31,-1,31,30,32,-1,31,32,33,-1,33,32,34,-1,33,34,35,-1,35,34,36,-1,35,36,37,-1,37,36,38,-1,37,38,39,-1,39,38,40,-1,39,40,41,-1,41,40,42,-1,41,42,2,-1,2,42,43,-1,2,43,0,-1,44,45,46,-1,47,48,49,-1,48,47,46,-1,46,47,50,-1,46,50,44,-1,51,52,53,-1,49,54,47,-1,47,54,55,-1,47,55,56,-1,57,45,58,-1,58,45,44,-1,58,44,52,-1,52,44,59,-1,52,59,53,-1,53,59,47,-1,53,47,60,-1,60,47,56,-1,61,45,62,-1,62,45,57,-1,62,57,63,-1,64,65,66,-1,66,65,67,-1,66,67,53,-1,64,68,65,-1,65,68,69,-1,65,69,70,-1,57,51,63,-1,63,51,53,-1,63,53,71,-1,71,53,67,-1,71,67,61,-1,61,67,72,-1,61,72,45,-1,45,72,73,-1,45,73,74,-1,74,73,65,-1,74,65,75,-1,75,65,70,-1,10,66,11,-1,11,66,53,-1,6,74,75,-1,6,75,3,-1,3,75,70,-1,3,70,4,-1,4,70,69,-1,4,69,5,-1,5,69,68,-1,5,68,7,-1,7,68,64,-1,7,64,8,-1,8,64,66,-1,8,66,10,-1,45,74,76,-1,76,74,6,-1,76,6,77,-1,77,6,17,-1,78,46,79,-1,79,46,80,-1,81,82,46,-1,83,84,85,-1,78,86,46,-1,46,86,87,-1,46,87,85,-1,85,87,88,-1,85,88,83,-1,89,76,90,-1,90,76,85,-1,89,91,76,-1,76,91,92,-1,76,92,93,-1,84,94,85,-1,85,94,95,-1,85,95,96,-1,97,98,85,-1,85,98,99,-1,85,99,90,-1,100,101,45,-1,45,101,102,-1,45,102,103,-1,103,104,45,-1,45,104,105,-1,45,105,46,-1,46,105,106,-1,46,106,81,-1,107,108,109,-1,109,108,110,-1,97,85,111,-1,111,85,96,-1,111,96,108,-1,108,96,112,-1,108,112,110,-1,93,113,76,-1,76,113,114,-1,76,114,45,-1,45,114,115,-1,45,115,100,-1,116,82,117,-1,117,82,118,-1,116,119,82,-1,82,119,120,-1,82,120,46,-1,46,120,121,-1,46,121,80,-1,107,122,108,-1,108,122,123,-1,108,123,124,-1,124,123,125,-1,124,125,118,-1,118,125,126,-1,118,126,117,-1,127,2,85,-1,85,2,1,-1,85,1,46,-1,46,1,48,-1,11,53,60,-1,11,60,12,-1,12,60,56,-1,12,56,13,-1,13,56,55,-1,13,55,14,-1,14,55,54,-1,14,54,15,-1,15,54,49,-1,15,49,16,-1,16,49,48,-1,16,48,1,-1,2,127,128,-1,2,128,41,-1,41,128,129,-1,41,129,39,-1,39,129,130,-1,39,130,37,-1,37,130,131,-1,37,131,35,-1,35,131,132,-1,35,132,33,-1,33,132,133,-1,33,133,31,-1,29,31,134,-1,134,31,133,-1,29,134,135,-1,29,135,27,-1,27,135,136,-1,27,136,25,-1,25,136,137,-1,25,137,23,-1,23,137,138,-1,23,138,21,-1,21,138,139,-1,21,139,19,-1,19,139,77,-1,19,77,17,-1,85,76,77,-1,128,127,133,-1,133,127,85,-1,133,85,134,-1,134,85,77,-1,131,130,129,-1,138,137,136,-1,77,139,134,-1,134,139,138,-1,134,138,135,-1,135,138,136,-1,128,133,129,-1,129,133,132,-1,129,132,131,-1,140,9,141,-1,141,9,0,-1,9,140,18,-1,18,140,142,-1,18,142,143,-1,144,30,28,-1,144,28,145,-1,145,28,26,-1,145,26,146,-1,146,26,24,-1,146,24,147,-1,147,24,22,-1,147,22,148,-1,148,22,20,-1,148,20,149,-1,149,20,18,-1,149,18,143,-1,150,32,144,-1,144,32,30,-1,151,43,42,-1,151,42,152,-1,152,42,40,-1,152,40,153,-1,153,40,38,-1,153,38,154,-1,154,38,36,-1,154,36,155,-1,155,36,34,-1,155,34,156,-1,156,34,32,-1,156,32,150,-1,141,0,157,-1,157,0,43,-1,157,43,151,-1,143,142,151,-1,151,142,157,-1,155,156,151,-1,151,156,150,-1,151,150,143,-1,152,153,151,-1,151,153,154,-1,151,154,155,-1,147,148,146,-1,146,148,145,-1,150,144,143,-1,143,144,145,-1,143,145,149,-1,149,145,148,-1,142,140,157,-1,157,140,141,-1,105,158,106,-1,106,158,159,-1,106,159,81,-1,81,159,160,-1,81,160,82,-1,82,160,161,-1,82,161,118,-1,118,161,162,-1,118,162,124,-1,124,162,163,-1,124,163,108,-1,108,163,164,-1,108,164,111,-1,111,164,165,-1,111,165,97,-1,97,165,166,-1,97,166,98,-1,98,166,167,-1,98,167,99,-1,99,167,168,-1,99,168,90,-1,90,168,169,-1,90,169,89,-1,89,169,170,-1,89,170,91,-1,91,170,171,-1,91,171,92,-1,92,171,172,-1,92,172,93,-1,93,172,173,-1,93,173,113,-1,113,173,174,-1,113,174,114,-1,114,174,175,-1,114,175,115,-1,115,175,176,-1,115,176,100,-1,100,176,177,-1,100,177,101,-1,101,177,178,-1,101,178,102,-1,102,178,179,-1,102,179,103,-1,103,179,180,-1,103,180,104,-1,104,180,181,-1,104,181,105,-1,105,181,158,-1,182,183,184,-1,184,183,185,-1,184,185,186,-1,187,188,184,-1,184,188,189,-1,184,189,182,-1,190,191,184,-1,184,191,192,-1,184,192,187,-1,193,194,184,-1,184,194,195,-1,184,195,190,-1,196,197,184,-1,184,197,198,-1,184,198,193,-1,199,200,184,-1,184,200,201,-1,184,201,196,-1,202,203,184,-1,184,203,204,-1,184,204,199,-1,186,205,184,-1,184,205,206,-1,184,206,202,-1,120,207,121,-1,121,207,208,-1,121,208,80,-1,80,208,209,-1,80,209,79,-1,79,209,210,-1,79,210,78,-1,78,210,211,-1,78,211,86,-1,86,211,212,-1,86,212,87,-1,87,212,213,-1,87,213,88,-1,88,213,214,-1,88,214,83,-1,83,214,215,-1,83,215,84,-1,84,215,216,-1,84,216,94,-1,94,216,217,-1,94,217,95,-1,95,217,218,-1,95,218,96,-1,96,218,219,-1,96,219,112,-1,112,219,220,-1,112,220,110,-1,110,220,221,-1,110,221,109,-1,109,221,222,-1,109,222,107,-1,107,222,223,-1,107,223,122,-1,122,223,224,-1,122,224,123,-1,123,224,225,-1,123,225,125,-1,125,225,226,-1,125,226,126,-1,126,226,227,-1,126,227,117,-1,117,227,228,-1,117,228,116,-1,116,228,229,-1,116,229,119,-1,119,229,230,-1,119,230,120,-1,120,230,207,-1,231,232,233,-1,233,232,234,-1,233,234,235,-1,236,237,233,-1,233,237,238,-1,233,238,231,-1,239,240,233,-1,233,240,241,-1,233,241,236,-1,242,243,233,-1,233,243,244,-1,233,244,239,-1,245,246,233,-1,233,246,247,-1,233,247,242,-1,248,249,233,-1,233,249,250,-1,233,250,245,-1,251,252,233,-1,233,252,253,-1,233,253,248,-1,235,254,233,-1,233,254,255,-1,233,255,251,-1,230,256,207,-1,207,256,257,-1,207,257,208,-1,208,257,258,-1,208,258,209,-1,209,258,259,-1,209,259,210,-1,210,259,260,-1,210,260,211,-1,211,260,261,-1,211,261,212,-1,212,261,262,-1,212,262,213,-1,213,262,263,-1,213,263,214,-1,214,263,264,-1,214,264,215,-1,215,264,265,-1,215,265,216,-1,216,265,266,-1,216,266,217,-1,217,266,267,-1,217,267,218,-1,218,267,268,-1,218,268,219,-1,219,268,269,-1,219,269,220,-1,220,269,270,-1,220,270,221,-1,221,270,271,-1,221,271,222,-1,222,271,272,-1,222,272,223,-1,223,272,273,-1,223,273,224,-1,224,273,274,-1,224,274,225,-1,225,274,275,-1,225,275,226,-1,226,275,276,-1,226,276,227,-1,227,276,277,-1,227,277,228,-1,228,277,278,-1,228,278,229,-1,229,278,279,-1,229,279,230,-1,230,279,256,-1,279,280,256,-1,256,280,281,-1,256,281,257,-1,257,281,282,-1,257,282,258,-1,258,282,283,-1,258,283,259,-1,259,283,284,-1,259,284,260,-1,260,284,285,-1,260,285,261,-1,261,285,286,-1,261,286,262,-1,262,286,287,-1,262,287,263,-1,263,287,288,-1,263,288,264,-1,264,288,289,-1,264,289,265,-1,265,289,290,-1,265,290,266,-1,266,290,291,-1,266,291,267,-1,267,291,292,-1,267,292,268,-1,268,292,293,-1,268,293,269,-1,269,293,294,-1,269,294,270,-1,270,294,295,-1,270,295,271,-1,271,295,296,-1,271,296,272,-1,272,296,297,-1,272,297,273,-1,273,297,298,-1,273,298,274,-1,274,298,299,-1,274,299,275,-1,275,299,300,-1,275,300,276,-1,276,300,301,-1,276,301,277,-1,277,301,302,-1,277,302,278,-1,278,302,303,-1,278,303,279,-1,279,303,280,-1,303,304,280,-1,280,304,305,-1,280,305,281,-1,281,305,306,-1,281,306,282,-1,282,306,307,-1,282,307,283,-1,283,307,308,-1,283,308,284,-1,284,308,309,-1,284,309,285,-1,285,309,310,-1,285,310,286,-1,286,310,311,-1,286,311,287,-1,287,311,312,-1,287,312,288,-1,288,312,313,-1,288,313,289,-1,289,313,314,-1,289,314,290,-1,290,314,315,-1,290,315,291,-1,291,315,316,-1,291,316,292,-1,292,316,317,-1,292,317,293,-1,293,317,318,-1,293,318,294,-1,294,318,319,-1,294,319,295,-1,295,319,320,-1,295,320,296,-1,296,320,321,-1,296,321,297,-1,297,321,322,-1,297,322,298,-1,298,322,323,-1,298,323,299,-1,299,323,324,-1,299,324,300,-1,300,324,325,-1,300,325,301,-1,301,325,326,-1,301,326,302,-1,302,326,327,-1,302,327,303,-1,303,327,304,-1,327,328,304,-1,304,328,329,-1,304,329,305,-1,305,329,330,-1,305,330,306,-1,306,330,331,-1,306,331,307,-1,307,331,332,-1,307,332,308,-1,308,332,333,-1,308,333,309,-1,309,333,334,-1,309,334,310,-1,310,334,335,-1,310,335,311,-1,311,335,336,-1,311,336,312,-1,312,336,337,-1,312,337,313,-1,313,337,338,-1,313,338,314,-1,314,338,339,-1,314,339,315,-1,315,339,340,-1,315,340,316,-1,316,340,341,-1,316,341,317,-1,317,341,342,-1,317,342,318,-1,318,342,343,-1,318,343,319,-1,319,343,344,-1,319,344,320,-1,320,344,345,-1,320,345,321,-1,321,345,346,-1,321,346,322,-1,322,346,347,-1,322,347,323,-1,323,347,348,-1,323,348,324,-1,324,348,349,-1,324,349,325,-1,325,349,350,-1,325,350,326,-1,326,350,351,-1,326,351,327,-1,327,351,328,-1,351,352,328,-1,328,352,353,-1,328,353,329,-1,329,353,354,-1,329,354,330,-1,330,354,355,-1,330,355,331,-1,331,355,356,-1,331,356,332,-1,332,356,357,-1,332,357,333,-1,333,357,358,-1,333,358,334,-1,334,358,359,-1,334,359,335,-1,335,359,360,-1,335,360,336,-1,336,360,361,-1,336,361,337,-1,337,361,362,-1,337,362,338,-1,338,362,363,-1,338,363,339,-1,339,363,364,-1,339,364,340,-1,340,364,365,-1,340,365,341,-1,341,365,366,-1,341,366,342,-1,342,366,367,-1,342,367,343,-1,343,367,368,-1,343,368,344,-1,344,368,369,-1,344,369,345,-1,345,369,370,-1,345,370,346,-1,346,370,371,-1,346,371,347,-1,347,371,372,-1,347,372,348,-1,348,372,373,-1,348,373,349,-1,349,373,374,-1,349,374,350,-1,350,374,375,-1,350,375,351,-1,351,375,352,-1,375,232,352,-1,352,232,231,-1,352,231,353,-1,353,231,238,-1,353,238,354,-1,354,238,237,-1,354,237,355,-1,355,237,236,-1,355,236,356,-1,356,236,241,-1,356,241,357,-1,357,241,240,-1,357,240,358,-1,358,240,239,-1,358,239,359,-1,359,239,244,-1,359,244,360,-1,360,244,243,-1,360,243,361,-1,361,243,242,-1,361,242,362,-1,362,242,247,-1,362,247,363,-1,363,247,246,-1,363,246,364,-1,364,246,245,-1,364,245,365,-1,365,245,250,-1,365,250,366,-1,366,250,249,-1,366,249,367,-1,367,249,248,-1,367,248,368,-1,368,248,253,-1,368,253,369,-1,369,253,252,-1,369,252,370,-1,370,252,251,-1,370,251,371,-1,371,251,255,-1,371,255,372,-1,372,255,254,-1,372,254,373,-1,373,254,235,-1,373,235,374,-1,374,235,234,-1,374,234,375,-1,375,234,232,-1,185,376,186,-1,186,376,377,-1,186,377,205,-1,205,377,378,-1,205,378,206,-1,206,378,379,-1,206,379,202,-1,202,379,380,-1,202,380,203,-1,203,380,381,-1,203,381,204,-1,204,381,382,-1,204,382,199,-1,199,382,383,-1,199,383,200,-1,200,383,384,-1,200,384,201,-1,201,384,385,-1,201,385,196,-1,196,385,386,-1,196,386,197,-1,197,386,387,-1,197,387,198,-1,198,387,388,-1,198,388,193,-1,193,388,389,-1,193,389,194,-1,194,389,390,-1,194,390,195,-1,195,390,391,-1,195,391,190,-1,190,391,392,-1,190,392,191,-1,191,392,393,-1,191,393,192,-1,192,393,394,-1,192,394,187,-1,187,394,395,-1,187,395,188,-1,188,395,396,-1,188,396,189,-1,189,396,397,-1,189,397,182,-1,182,397,398,-1,182,398,183,-1,183,398,399,-1,183,399,185,-1,185,399,376,-1,399,400,376,-1,376,400,401,-1,376,401,377,-1,377,401,402,-1,377,402,378,-1,378,402,403,-1,378,403,379,-1,379,403,404,-1,379,404,380,-1,380,404,405,-1,380,405,381,-1,381,405,406,-1,381,406,382,-1,382,406,407,-1,382,407,383,-1,383,407,408,-1,383,408,384,-1,384,408,409,-1,384,409,385,-1,385,409,410,-1,385,410,386,-1,386,410,411,-1,386,411,387,-1,387,411,412,-1,387,412,388,-1,388,412,413,-1,388,413,389,-1,389,413,414,-1,389,414,390,-1,390,414,415,-1,390,415,391,-1,391,415,416,-1,391,416,392,-1,392,416,417,-1,392,417,393,-1,393,417,418,-1,393,418,394,-1,394,418,419,-1,394,419,395,-1,395,419,420,-1,395,420,396,-1,396,420,421,-1,396,421,397,-1,397,421,422,-1,397,422,398,-1,398,422,423,-1,398,423,399,-1,399,423,400,-1,423,424,400,-1,400,424,425,-1,400,425,401,-1,401,425,426,-1,401,426,402,-1,402,426,427,-1,402,427,403,-1,403,427,428,-1,403,428,404,-1,404,428,429,-1,404,429,405,-1,405,429,430,-1,405,430,406,-1,406,430,431,-1,406,431,407,-1,407,431,432,-1,407,432,408,-1,408,432,433,-1,408,433,409,-1,409,433,434,-1,409,434,410,-1,410,434,435,-1,410,435,411,-1,411,435,436,-1,411,436,412,-1,412,436,437,-1,412,437,413,-1,413,437,438,-1,413,438,414,-1,414,438,439,-1,414,439,415,-1,415,439,440,-1,415,440,416,-1,416,440,441,-1,416,441,417,-1,417,441,442,-1,417,442,418,-1,418,442,443,-1,418,443,419,-1,419,443,444,-1,419,444,420,-1,420,444,445,-1,420,445,421,-1,421,445,446,-1,421,446,422,-1,422,446,447,-1,422,447,423,-1,423,447,424,-1,447,448,424,-1,424,448,449,-1,424,449,425,-1,425,449,450,-1,425,450,426,-1,426,450,451,-1,426,451,427,-1,427,451,452,-1,427,452,428,-1,428,452,453,-1,428,453,429,-1,429,453,454,-1,429,454,430,-1,430,454,455,-1,430,455,431,-1,431,455,456,-1,431,456,432,-1,432,456,457,-1,432,457,433,-1,433,457,458,-1,433,458,434,-1,434,458,459,-1,434,459,435,-1,435,459,460,-1,435,460,436,-1,436,460,461,-1,436,461,437,-1,437,461,462,-1,437,462,438,-1,438,462,463,-1,438,463,439,-1,439,463,464,-1,439,464,440,-1,440,464,465,-1,440,465,441,-1,441,465,466,-1,441,466,442,-1,442,466,467,-1,442,467,443,-1,443,467,468,-1,443,468,444,-1,444,468,469,-1,444,469,445,-1,445,469,470,-1,445,470,446,-1,446,470,471,-1,446,471,447,-1,447,471,448,-1,471,472,448,-1,448,472,473,-1,448,473,449,-1,449,473,474,-1,449,474,450,-1,450,474,475,-1,450,475,451,-1,451,475,476,-1,451,476,452,-1,452,476,477,-1,452,477,453,-1,453,477,478,-1,453,478,454,-1,454,478,479,-1,454,479,455,-1,455,479,480,-1,455,480,456,-1,456,480,481,-1,456,481,457,-1,457,481,482,-1,457,482,458,-1,458,482,483,-1,458,483,459,-1,459,483,484,-1,459,484,460,-1,460,484,485,-1,460,485,461,-1,461,485,486,-1,461,486,462,-1,462,486,487,-1,462,487,463,-1,463,487,488,-1,463,488,464,-1,464,488,489,-1,464,489,465,-1,465,489,490,-1,465,490,466,-1,466,490,491,-1,466,491,467,-1,467,491,492,-1,467,492,468,-1,468,492,493,-1,468,493,469,-1,469,493,494,-1,469,494,470,-1,470,494,495,-1,470,495,471,-1,471,495,472,-1,495,168,472,-1,472,168,167,-1,472,167,473,-1,473,167,166,-1,473,166,474,-1,474,166,165,-1,474,165,475,-1,475,165,164,-1,475,164,476,-1,476,164,163,-1,476,163,477,-1,477,163,162,-1,477,162,478,-1,478,162,161,-1,478,161,479,-1,479,161,160,-1,479,160,480,-1,480,160,159,-1,480,159,481,-1,481,159,158,-1,481,158,482,-1,482,158,181,-1,482,181,483,-1,483,181,180,-1,483,180,484,-1,484,180,179,-1,484,179,485,-1,485,179,178,-1,485,178,486,-1,486,178,177,-1,486,177,487,-1,487,177,176,-1,487,176,488,-1,488,176,175,-1,488,175,489,-1,489,175,174,-1,489,174,490,-1,490,174,173,-1,490,173,491,-1,491,173,172,-1,491,172,492,-1,492,172,171,-1,492,171,493,-1,493,171,170,-1,493,170,494,-1,494,170,169,-1,494,169,495,-1,495,169,168,-1,496,497,71,-1,71,497,63,-1,497,498,63,-1,63,498,62,-1,498,499,62,-1,62,499,61,-1,499,496,61,-1,61,496,71,-1,499,498,496,-1,496,498,497,-1,500,501,51,-1,51,501,52,-1,501,502,52,-1,52,502,58,-1,502,503,58,-1,58,503,57,-1,503,500,57,-1,57,500,51,-1,503,502,500,-1,500,502,501,-1,504,505,59,-1,59,505,47,-1,505,506,47,-1,47,506,50,-1,506,507,50,-1,50,507,44,-1,507,504,44,-1,44,504,59,-1,507,506,504,-1,504,506,505,-1,508,509,73,-1,73,509,65,-1,509,510,65,-1,65,510,67,-1,510,511,67,-1,67,511,72,-1,511,508,72,-1,72,508,73,-1,511,510,508,-1,508,510,509,-1,
        ]
    }
}
Shape{
    appearance Appearance {
        material  Material 	{
            diffuseColor 1.0 1.0 0.0
            specularColor 0.5019607843137255 0.5019607843137255 0.0
            ambientIntensity 0.886
            transparency 0.0
            shininess 0.5
        }
    }
    geometry IndexedFaceSet {
        ccw TRUE
        solid FALSE
        coord DEF co Coordinate {
            point [
                -1.5158 -4.3612 0.1163, -1.5158 -3.3291 0.7121, -1.2402 -4.3612 0.1163, -1.2402 -3.3291 0.7121, -1.5158 -3.3488 0.7462, -1.2402 -3.3488 0.7462, -1.5158 -4.3717 0.1557, -1.2402 -4.3717 0.1557, -1.5158 -5.9465 0.1557, -1.2402 -5.9465 0.1557, -1.5158 -6.3409 0.3834, -1.2402 -6.3409 0.3834, -1.5158 -6.9709 0.0197, -1.2402 -6.9709 0.0197, -1.5158 -6.9512 -0.0144, -1.2402 -6.9512 -0.0144, -1.5158 -6.3409 0.3379, -1.2402 -6.3409 0.3379, -1.5158 -5.9571 0.1163, -1.2402 -5.9571 0.1163, -0.5315 -4.3612 0.1163, -0.5315 -3.3291 0.7121, -0.2559 -4.3612 0.1163, -0.2559 -3.3291 0.7121, -0.5315 -3.3488 0.7462, -0.2559 -3.3488 0.7462, -0.5315 -4.3717 0.1557, -0.2559 -4.3717 0.1557, -0.5315 -5.9465 0.1557, -0.2559 -5.9465 0.1557, -0.5315 -6.3409 0.3834, -0.2559 -6.3409 0.3834, -0.5315 -6.9709 0.0197, -0.2559 -6.9709 0.0197, -0.5315 -6.9512 -0.0144, -0.2559 -6.9512 -0.0144, -0.5315 -6.3409 0.3379, -0.2559 -6.3409 0.3379, -0.5315 -5.9571 0.1163, -0.2559 -5.9571 0.1163, 0.5315 -3.3291 0.7121, 0.5315 -4.3612 0.1163, 0.2559 -3.3291 0.7121, 0.2559 -4.3612 0.1163, 0.5315 -3.3488 0.7462, 0.2559 -3.3488 0.7462, 0.5315 -4.3717 0.1557, 0.2559 -4.3717 0.1557, 0.5315 -5.9465 0.1557, 0.2559 -5.9465 0.1557, 0.5315 -6.3409 0.3834, 0.2559 -6.3409 0.3834, 0.5315 -6.9709 0.0197, 0.2559 -6.9709 0.0197, 0.5315 -6.9512 -0.0144, 0.2559 -6.9512 -0.0144, 0.5315 -6.3409 0.3379, 0.2559 -6.3409 0.3379, 0.5315 -5.9571 0.1163, 0.2559 -5.9571 0.1163, 1.5157 -3.3291 0.7121, 1.5157 -4.3612 0.1163, 1.2401 -3.3291 0.7121, 1.2401 -4.3612 0.1163, 1.5157 -3.3488 0.7462, 1.2401 -3.3488 0.7462, 1.5157 -4.3717 0.1557, 1.2401 -4.3717 0.1557, 1.5157 -5.9465 0.1557, 1.2401 -5.9465 0.1557, 1.5157 -6.3409 0.3834, 1.2401 -6.3409 0.3834, 1.5157 -6.9709 0.0197, 1.2401 -6.9709 0.0197, 1.5157 -6.9512 -0.0144, 1.2401 -6.9512 -0.0144, 1.5157 -6.3409 0.3379, 1.2401 -6.3409 0.3379, 1.5157 -5.9571 0.1163, 1.2401 -5.9571 0.1163
            ]
        }
        coordIndex [
            0,1,2,-1,2,1,3,-1,1,4,3,-1,3,4,5,-1,4,6,5,-1,5,6,7,-1,6,8,7,-1,7,8,9,-1,8,10,9,-1,9,10,11,-1,10,12,11,-1,11,12,13,-1,12,14,13,-1,13,14,15,-1,14,16,15,-1,15,16,17,-1,16,18,17,-1,17,18,19,-1,18,0,19,-1,19,0,2,-1,4,1,6,-1,6,1,0,-1,6,0,8,-1,8,0,18,-1,8,18,10,-1,10,18,16,-1,10,16,12,-1,12,16,14,-1,13,15,11,-1,11,15,17,-1,11,17,9,-1,9,17,19,-1,9,19,7,-1,7,19,2,-1,7,2,5,-1,5,2,3,-1,20,21,22,-1,22,21,23,-1,21,24,23,-1,23,24,25,-1,24,26,25,-1,25,26,27,-1,26,28,27,-1,27,28,29,-1,28,30,29,-1,29,30,31,-1,30,32,31,-1,31,32,33,-1,32,34,33,-1,33,34,35,-1,34,36,35,-1,35,36,37,-1,36,38,37,-1,37,38,39,-1,38,20,39,-1,39,20,22,-1,24,21,26,-1,26,21,20,-1,26,20,28,-1,28,20,38,-1,28,38,30,-1,30,38,36,-1,30,36,32,-1,32,36,34,-1,33,35,31,-1,31,35,37,-1,31,37,29,-1,29,37,39,-1,29,39,27,-1,27,39,22,-1,27,22,25,-1,25,22,23,-1,40,41,42,-1,42,41,43,-1,44,40,45,-1,45,40,42,-1,46,44,47,-1,47,44,45,-1,48,46,49,-1,49,46,47,-1,50,48,51,-1,51,48,49,-1,52,50,53,-1,53,50,51,-1,54,52,55,-1,55,52,53,-1,56,54,57,-1,57,54,55,-1,58,56,59,-1,59,56,57,-1,41,58,43,-1,43,58,59,-1,52,54,50,-1,50,54,56,-1,50,56,48,-1,48,56,58,-1,48,58,46,-1,46,58,41,-1,46,41,44,-1,44,41,40,-1,45,42,47,-1,47,42,43,-1,47,43,49,-1,49,43,59,-1,49,59,51,-1,51,59,57,-1,51,57,53,-1,53,57,55,-1,60,61,62,-1,62,61,63,-1,64,60,65,-1,65,60,62,-1,66,64,67,-1,67,64,65,-1,68,66,69,-1,69,66,67,-1,70,68,71,-1,71,68,69,-1,72,70,73,-1,73,70,71,-1,74,72,75,-1,75,72,73,-1,76,74,77,-1,77,74,75,-1,78,76,79,-1,79,76,77,-1,61,78,63,-1,63,78,79,-1,72,74,70,-1,70,74,76,-1,70,76,68,-1,68,76,78,-1,68,78,66,-1,66,78,61,-1,66,61,64,-1,64,61,60,-1,65,62,67,-1,67,62,63,-1,67,63,69,-1,69,63,79,-1,69,79,71,-1,71,79,77,-1,71,77,73,-1,73,77,75,-1,
        ]
    }
}
Shape{
    appearance Appearance {
        material  Material 	{
            diffuseColor 0.7529411764705882 0.7529411764705882 0.7529411764705882
            specularColor 0.3764705882352941 0.3764705882352941 0.3764705882352941
            ambientIntensity 0.7529
            transparency 0.0
            shininess 0.5
        }
    }
    geometry IndexedFaceSet {
        ccw TRUE
        solid FALSE
        coord DEF co Coordinate {
            point [
                2.3622 -6.4895 -0.0172, 2.3622 -6.4895 -0.07, 2.3622 -6.3611 -0.07, 2.3622 -6.4895 0.1945, 2.3622 -6.4895 0.1554, 2.3622 -6.3611 0.1554, 2.3622 -6.1511 -0.0427, 2.3622 -6.148 -0.0392, 2.3622 -6.148 -0.0172, 2.3622 -6.31 0.329, 2.3622 -6.3001 0.3302, 2.3622 -6.3531 0.3302, 2.3622 -6.2757 0.1953, 2.3622 -6.2843 0.1945, 2.3622 -6.2401 0.1945, 2.3622 -6.2152 0.3138, 2.3622 -6.2152 0.271, 2.3622 -6.1792 0.271, 2.3622 -6.2087 -0.0169, 2.3622 -6.211 -0.0172, 2.3622 -6.1792 -0.0172, 2.3622 -6.2371 -0.0166, 2.3622 -6.2401 -0.0155, 2.3622 -6.2401 -0.0172, 2.3622 -6.0481 0.102, 2.3622 -6.0481 0.0593, 2.3622 -6.0231 0.0593, 2.3622 -6.6052 0.225, 2.3622 -6.5795 0.2033, 2.3622 -6.4895 0.3302, 2.3622 -6.7108 0.3302, 2.3622 -6.6893 0.3156, 2.3622 -6.6578 0.279, 2.3622 -6.6381 0.2406, 2.3622 -6.6335 0.2391, 2.3622 -6.7761 0.3601, 2.3622 -6.7288 0.3425, 2.3622 -6.4895 0.8465, 2.3622 -6.9076 0.343, 2.3622 -6.8637 0.3595, 2.3622 -7.257 0.8465, 2.3622 -6.8184 0.3649, 2.3622 -7.257 0.3302, 2.3622 -7.0332 0.2834, 2.3622 -6.9958 0.2881, 2.3622 -7.257 0.1945, 2.3622 -7.136 0.1945, 2.3622 -7.1277 0.2133, 2.3622 -7.1049 0.2425, 2.3622 -6.9285 0.3302, 2.3622 -6.9322 0.3279, 2.3622 -6.9545 0.3088, 2.3622 -6.9849 0.2875, 2.3622 -6.974 0.2862, 2.3622 -7.0985 0.2486, 2.3622 -7.0683 0.2698, 2.3622 -7.0338 -0.0146, 2.3622 -7.0458 -0.011, 2.3622 -7.257 -0.0172, 2.3622 -7.08 0.0057, 2.3622 -7.1097 0.0309, 2.3622 -7.1313 0.0619, 2.3622 -7.1449 0.0972, 2.3622 -7.257 0.1554, 2.3622 -7.1495 0.1343, 2.3622 -7.1492 0.1434, 2.3622 -7.1471 0.1554, 2.3622 -7.1429 0.1791, 2.3622 -6.9916 -0.0664, 2.3622 -7.0101 -0.0524, 2.3622 -7.257 -0.07, 2.3622 -7.0242 -0.035, 2.3622 -7.0326 -0.0172, 2.3622 -6.4895 -0.5315, 2.3622 -6.9206 -0.0763, 2.3622 -7.257 -0.5315, 2.3622 -6.9436 -0.0791, 2.3622 -6.9473 -0.0791, 2.3622 -6.9697 -0.0756, 2.3622 -6.9829 -0.07, 2.3622 -6.8547 -0.0172, 2.3622 -6.8548 -0.0176, 2.3622 -6.8661 -0.0387, 2.3622 -6.8806 -0.055, 2.3622 -6.8995 -0.0682, 2.3622 -6.9043 -0.07, 2.3622 -6.5485 0.1473, 2.3622 -6.5442 0.1163, 2.3622 -6.7336 0.0388, 2.3622 -6.7271 0.0414, 2.3622 -6.7159 0.0954, 2.3622 -6.5793 0.0262, 2.3622 -6.6051 0.0043, 2.3622 -6.8725 0.0793, 2.3622 -6.7453 0.1457, 2.3622 -6.8891 0.0944, 2.3622 -6.9092 0.1052, 2.3622 -6.7394 0.0347, 2.3622 -6.5604 0.0524, 2.3622 -6.6035 0.1237, 2.3622 -6.6079 0.142, 2.3622 -6.6152 0.1554, 2.3622 -7.0874 0.1554, 2.3622 -6.5485 0.0825, 2.3622 -6.7197 0.0423, 2.3622 -6.7188 0.0422, 2.3622 -6.7159 0.0416, 2.3622 -7.0818 0.0984, 2.3622 -7.0705 0.0792, 2.3622 -7.0223 0.0693, 2.3622 -7.0535 0.0617, 2.3622 -7.0328 0.049, 2.3622 -6.9873 0.1008, 2.3622 -7.0067 0.0873, 2.3622 -7.0897 0.1362, 2.3622 -7.0886 0.1216, 2.3622 -6.9663 0.1088, 2.3622 -6.9436 0.1116, 2.3622 -6.9321 0.1109, 2.3622 -6.7491 0.0129, 2.3622 -6.7489 0.0166, 2.3622 -6.8487 0.0252, 2.3622 -6.747 0.0239, 2.3622 -6.7433 0.0303, 2.3622 -6.6223 0.0652, 2.3622 -6.6118 0.08, 2.3622 -6.6053 0.0969, 2.3622 -6.603 0.1154, 2.3622 -6.7269 -0.0157, 2.3622 -6.7332 -0.0132, 2.3622 -6.7394 -0.0088, 2.3622 -6.7416 -0.0066, 2.3622 -6.7457 -0.0006, 2.3622 -6.7482 0.0058, 2.3622 -6.8493 0.0058, 2.3622 -6.8487 0.0157, 2.3622 -6.634 -0.0098, 2.3622 -6.6656 -0.0165, 2.3622 -6.7216 -0.0165, 2.3622 -6.714 0.0414, 2.3622 -6.6713 0.0414, 2.3622 -6.6542 0.0446, 2.3622 -6.6375 0.0524, 2.3622 -6.6235 0.0639, 2.3622 -6.6846 0.1894, 2.3622 -7.0788 0.1804, 2.3622 -7.0869 0.1592, 2.3622 -6.677 0.1894, 2.3622 -6.6168 0.1583, 2.3622 -6.6277 0.1705, 2.3622 -6.6424 0.1808, 2.3622 -6.6589 0.1871, 2.3622 -6.7051 0.2464, 2.3622 -6.7265 0.272, 2.3622 -6.9446 0.2169, 2.3622 -6.7288 0.2741, 2.3622 -6.7555 0.2926, 2.3622 -6.9301 0.2469, 2.3622 -7.0689 0.1945, 2.3622 -6.9513 0.2206, 2.3622 -6.6857 0.1945, 2.3622 -6.6904 0.2159, 2.3622 -6.9725 0.2284, 2.3622 -6.9949 0.2311, 2.3622 -7.0048 0.2306, 2.3622 -6.9088 0.2723, 2.3622 -6.7852 0.304, 2.3622 -6.8834 0.2909, 2.3622 -6.8174 0.308, 2.3622 -6.8524 0.3035, 2.3622 -7.0282 0.225, 2.3622 -7.0493 0.2138, 2.3622 -7.0656 0.1993, 2.3622 -6.5732 0.1945, 2.3622 -6.5601 0.1763, 2.3622 -6.5518 0.1554, 2.3622 -5.9935 -0.0008, 2.3622 -5.9935 -0.0161, 2.3622 -5.9809 -0.0172, 2.3622 -6.0231 -0.0172, 2.3622 -5.9809 0.1554, 2.3622 -5.9966 0.102, 2.3622 -5.9966 0.1174, 2.3622 -6.0004 0.0441, 2.3622 -6.0231 0.0441, 2.3622 -6.0231 -0.0008, 2.3622 -6.0481 0.0441, 2.3622 -6.0481 -0.0008, 2.3622 -6.0004 0.0593, 2.3622 -6.0231 0.102, 2.3622 -6.0231 -0.0161, 2.3622 -6.0653 -0.0161, 2.3622 -6.0743 -0.0172, 2.3622 -6.0653 0.1174, 2.3622 -6.3404 0.0293, 2.3622 -6.3378 0.0563, 2.3622 -6.3437 0.0246, 2.3622 -6.346 0.0187, 2.3622 -6.2479 0.0046, 2.3622 -6.2705 0.0453, 2.3622 -6.2479 -0.0127, 2.3622 -6.2705 -0.0161, 2.3622 -6.2956 -0.011, 2.3622 -6.3015 -0.0149, 2.3622 -6.2872 -0.0161, 2.3622 -6.3078 -0.0172, 2.3622 -6.3531 -0.0172, 2.3622 -6.3443 -0.0038, 2.3622 -6.3463 0.0019, 2.3622 -6.3218 0.0794, 2.3622 -6.3531 0.1554, 2.3622 -6.3343 0.0746, 2.3622 -6.3378 0.0726, 2.3622 -6.3531 -0.07, 2.3622 -6.3266 -0.0172, 2.3622 -6.3269 -0.0171, 2.3622 -6.3333 -0.0147, 2.3622 -6.3353 0.0338, 2.3622 -6.3282 0.0374, 2.3622 -6.3274 0.0631, 2.3622 -6.3155 0.0406, 2.3622 -6.3009 0.0673, 2.3622 -6.3065 0.0679, 2.3622 -6.3169 0.0667, 2.3622 -6.3389 -0.0108, 2.3622 -6.3408 -0.0089, 2.3622 -6.2824 0.0753, 2.3622 -6.278 0.0711, 2.3622 -6.2451 0.0649, 2.3622 -6.2872 -0.0013, 2.3622 -6.2877 -0.0013, 2.3622 -6.2903 -0.0054, 2.3622 -6.2417 0.0007, 2.3622 -6.2401 0.0001, 2.3622 -6.2401 0.0355, 2.3622 -6.2471 0.0595, 2.3622 -6.3471 0.0095, 2.3622 -6.3471 0.0114, 2.3622 -6.2719 0.0582, 2.3622 -6.2471 0.047, 2.3622 -6.305 0.0814, 2.3622 -6.2951 0.0806, 2.3622 -6.288 0.0785, 2.3622 -6.2872 0.0445, 2.3622 -6.2878 0.0519, 2.3622 -6.2896 0.0579, 2.3622 -6.2915 0.0613, 2.3622 -6.2745 0.0657, 2.3622 -6.2478 0.0535, 2.3622 -6.2403 0.0356, 2.3622 -6.243 0.0385, 2.3622 -6.2452 0.0419, 2.3622 -6.294 0.064, 2.3622 -6.297 0.0659, 2.3622 -6.2321 -0.0172, 2.3622 -6.2401 -0.07, 2.3622 -6.222 -0.0183, 2.3622 -6.1881 0.0772, 2.3622 -6.1881 0.061, 2.3622 -6.1843 0.0032, 2.3622 -6.1864 -0.0021, 2.3622 -6.1895 -0.0065, 2.3622 -6.242 0.0694, 2.3622 -6.2401 0.0711, 2.3622 -6.2401 0.1554, 2.3622 -6.2371 0.0739, 2.3622 -6.2321 0.0768, 2.3622 -6.223 0.0801, 2.3622 -6.2107 0.0814, 2.3622 -6.1792 0.1554, 2.3622 -6.1995 0.0805, 2.3622 -6.1891 0.0256, 2.3622 -6.186 0.021, 2.3622 -6.1842 0.0161, 2.3622 -6.1835 0.0099, 2.3622 -6.1943 -0.0107, 2.3622 -6.1995 -0.0138, 2.3622 -6.2123 0.0679, 2.3622 -6.2172 0.0675, 2.3622 -6.2305 0.055, 2.3622 -6.2217 0.0663, 2.3622 -6.2255 0.0643, 2.3622 -6.2304 0.0528, 2.3622 -6.2297 0.0502, 2.3622 -6.2285 0.048, 2.3622 -6.2269 0.0462, 2.3622 -6.221 0.0425, 2.3622 -6.201 0.0665, 2.3622 -6.2107 0.038, 2.3622 -6.1916 0.063, 2.3622 -6.2042 0.0354, 2.3622 -6.1931 0.0292, 2.3622 -6.228 0.0621, 2.3622 -6.2294 0.06, 2.3622 -6.2302 0.0577, 2.3622 -6.2313 -0.0033, 2.3622 -6.2225 0.0258, 2.3622 -6.2324 0.0304, 2.3622 -6.2204 -0.0047, 2.3622 -6.2196 -0.0047, 2.3622 -6.2115 0.0212, 2.3622 -6.2111 -0.0037, 2.3622 -6.2007 0.0082, 2.3622 -6.2008 0.0103, 2.3622 -6.2068 -0.0021, 2.3622 -6.2052 -0.0012, 2.3622 -6.2033 0.0005, 2.3622 -6.2019 0.0027, 2.3622 -6.201 0.005, 2.3622 -6.2016 0.0129, 2.3622 -6.2029 0.0151, 2.3622 -6.205 0.0173, 2.3622 -5.932 0.2322, 2.3622 -5.9809 0.2322, 2.3622 -5.9183 0.1957, 2.3622 -5.9809 0.1945, 2.3622 -5.8993 0.1957, 2.3622 -1.5772 0.1945, 2.3622 -1.5772 0.3302, 2.3622 -5.9501 0.3291, 2.3622 -5.9809 0.3302, 2.3622 -5.9875 0.2322, 2.3622 -6.0004 0.1957, 2.3622 -6.0231 0.1945, 2.3622 -6.0194 0.1957, 2.3622 -6.0231 0.3302, 2.3622 -5.9809 0.2966, 2.3622 -5.9686 0.3291, 2.3622 -6.0743 0.1945, 2.3622 -6.0762 0.1984, 2.3622 -6.0987 0.1957, 2.3622 -6.148 0.1945, 2.3622 -6.1354 0.1957, 2.3622 -6.1354 0.3291, 2.3622 -6.148 0.3302, 2.3622 -6.0974 0.3291, 2.3622 -6.0743 0.3302, 2.3622 -6.0422 0.3068, 2.3622 -6.0339 0.2951, 2.3622 -6.0312 0.2377, 2.3622 -6.0383 0.2242, 2.3622 -6.0469 0.3114, 2.3622 -6.0469 0.2143, 2.3622 -6.061 0.2043, 2.3622 -6.0743 0.1991, 2.3622 -6.077 0.3269, 2.3622 -6.0743 0.3259, 2.3622 -6.0609 0.321, 2.3622 -6.029 0.2824, 2.3622 -6.0268 0.2641, 2.3622 -6.0275 0.2529, 2.3622 -6.1606 0.2109, 2.3622 -6.1606 0.1957, 2.3622 -6.1792 0.1945, 2.3622 -6.1792 0.3302, 2.3622 -6.1637 0.3291, 2.3622 -6.1792 0.3291, 2.3622 -6.1637 0.3138, 2.3622 -6.1675 0.2558, 2.3622 -6.1792 0.2558, 2.3622 -6.1792 0.2109, 2.3622 -6.2152 0.2558, 2.3622 -6.2152 0.2109, 2.3622 -6.1675 0.271, 2.3622 -6.1792 0.3138, 2.3622 -6.2324 0.3291, 2.3622 -6.2401 0.3302, 2.3622 -6.2324 0.1957, 2.3622 -0.7701 0.0591, 2.3622 0.0173 0.0591, 2.3622 -0.7701 0.1554, 2.3622 0.0173 0.1554, 2.3622 -0.7701 0.1945, 2.3622 0.0173 0.1945, 2.3622 -0.7701 0.3302, 2.3622 0.0173 0.3302, 2.3622 -0.7701 0.4528, 2.3622 0.0173 0.8465, 2.3622 -1.5772 0.4528, 2.3622 -5.9809 0.8465, 2.3622 -1.5772 0.1554, 2.3622 -5.8332 -0.0161, 2.3622 -5.8523 -0.0161, 2.3622 -5.7512 -0.0161, 2.3622 -5.7648 0.0204, 2.3622 -5.8204 0.0204, 2.3622 -5.8604 0.0412, 2.3622 -5.8641 0.026, 2.3622 -5.7322 -0.0161, 2.3622 -1.5772 -0.0172, 2.3622 -5.783 0.1174, 2.3622 -5.8014 0.1174, 2.3622 -5.8712 0.0125, 2.3622 -5.8798 0.0026, 2.3622 -5.8938 -0.0074, 2.3622 -5.9683 0.1174, 2.3622 -5.9683 -0.0161, 2.3622 -5.9316 -0.0161, 2.3622 -5.9091 -0.0133, 2.3622 -5.8597 0.0524, 2.3622 -5.8619 0.0707, 2.3622 -5.8798 0.0997, 2.3622 -5.875 0.0951, 2.3622 -5.8668 0.0834, 2.3622 -5.9303 0.1174, 2.3622 -5.9099 0.1151, 2.3622 -5.8938 0.1093, 2.3622 -1.5772 -0.07, 2.3622 -1.5772 -0.5315, 2.3622 -5.9809 -0.07, 2.3622 -6.2733 0.33, 2.3622 -6.2591 0.3259, 2.3622 -6.1792 0.1957, 2.3622 -6.2591 0.3079, 2.3622 -6.2614 0.2, 2.3622 -6.2606 0.3087, 2.3622 -6.3408 0.2556, 2.3622 -6.3386 0.2424, 2.3622 -6.2936 0.2088, 2.3622 -6.2851 0.2092, 2.3622 -6.2704 0.2124, 2.3622 -6.2591 0.2177, 2.3622 -6.2591 0.2012, 2.3622 -6.3279 0.2999, 2.3622 -6.3344 0.2906, 2.3622 -6.3343 0.2316, 2.3622 -6.3279 0.2228, 2.3622 -6.3245 0.2196, 2.3622 -6.3156 0.2136, 2.3622 -6.3059 0.2101, 2.3622 -6.2906 0.3158, 2.3622 -6.2962 0.3155, 2.3622 -6.3269 0.301, 2.3622 -6.3078 0.3132, 2.3622 -6.3182 0.3083, 2.3622 -6.3388 0.2791, 2.3622 -6.341 0.2609, 2.3622 -6.2742 0.3138, 2.3622 -6.2908 0.3314, 2.3622 -6.3531 0.8465, 2.3622 -6.2764 0.3302, 2.3622 -6.2401 0.8465, 2.3622 -6.3494 0.2991, 2.3622 -6.3398 0.3117, 2.3622 -6.3368 0.3145, 2.3622 -6.3239 0.3236, 2.3622 -6.3531 0.2296, 2.3622 -6.3565 0.2383, 2.3622 -6.3611 0.1945, 2.3622 -6.359 0.2599, 2.3622 -6.3588 0.2668, 2.3622 -6.3611 0.3302, 2.3622 -6.3558 0.2842, 2.3622 -6.3531 0.2906, 2.3622 -6.3325 0.2036, 2.3622 -6.3419 0.2116, 2.3622 -6.3531 0.1945, 2.3622 -6.3431 0.2129, 2.3622 -6.351 0.2243, 2.3622 -6.2961 0.1934, 2.3622 -6.306 0.194, 2.3622 -6.3083 0.1945, 2.3622 -6.3201 0.1973, 2.3622 -6.3082 -0.0173, 2.3622 -6.3169 -0.0183, 2.3622 -6.1006 0.0793, 2.3622 -6.0833 0.0793, 2.3622 -6.0743 0.1554, 2.3622 -6.0231 0.1174, 2.3622 -6.0231 0.1554, 2.3622 -6.1213 -0.0172, 2.3622 -6.1312 0.0076, 2.3622 -6.1292 -0.0002, 2.3622 -6.1287 -0.0002, 2.3622 -6.148 0.1554, 2.3622 -6.148 0.0561, 2.3622 -6.1267 0.0075, 2.3622 -6.128 0.003, 2.3622 -6.148 0.0112, 2.3622 -6.1748 0.0793, 2.3622 -6.1561 0.0793, 2.3622 -6.138 -0.0172, 2.3622 -6.1374 -0.0158, 2.3622 -6.148 -0.0392, 2.3622 -6.1448 -0.0332, 2.3622 -6.1792 -0.07, 2.3622 -6.1714 -0.0596, 2.3622 -6.1714 -0.0447, 2.3622 -6.1679 -0.0458, 2.3622 -6.1619 -0.0466, 2.3622 -6.148 -0.058, 2.3622 -6.1538 -0.0602, 2.3622 -6.148 -0.07, 2.3622 -6.1606 -0.0609, 2.3622 -6.1643 -0.0608, 2.3622 -6.1578 -0.0462, 2.3622 -6.1542 -0.0448, 2.3622 -6.1266 -0.0304, 2.3622 -6.1341 -0.0452, 2.3622 -6.0743 -0.07, 2.3622 -6.1403 -0.0525, 2.3622 -6.1414 -0.0536, 2.3622 -6.1472 -0.0577, 2.3622 -7.3646 -0.5315, 2.3622 -7.3646 -0.07, 2.3622 -7.3646 -0.0172, 2.3622 -7.3646 0.1554, 2.3622 -7.3646 0.1945, 2.3622 -7.3646 0.3302, 2.3622 -7.3646 0.8465, 2.3622 -6.3645 0.2109, 2.3622 -6.3645 0.1957, 2.3622 -6.4349 0.1957, 2.3622 -6.4177 0.3291, 2.3622 -6.4177 0.2109, 2.3622 -6.4349 0.3291, 2.3622 -6.3611 -0.0172, 2.3622 -6.3631 -0.0161, 2.3622 -6.4349 -0.0161, 2.3622 -6.3631 -0.0008, 2.3622 -6.3661 0.102, 2.3622 -6.4177 0.0441, 2.3622 -6.4177 -0.0008, 2.3622 -6.3699 0.0441, 2.3622 -6.3699 0.0593, 2.3622 -6.4177 0.0593, 2.3622 -6.4177 0.102, 2.3622 -6.4349 0.1174, 2.3622 -6.3661 0.1174, 2.3622 -6.3611 0.8465, 2.3622 -6.0231 0.8465, 2.3622 -6.0743 0.8465, 2.3622 -6.148 0.8465, 2.3622 -6.1792 0.8465, 2.3622 -6.0231 -0.07, 2.3622 -5.9809 -0.5315, 2.3622 -6.0231 -0.5315, 2.3622 -6.0743 -0.5315, 2.3622 -6.148 -0.5315, 2.3622 -6.1792 -0.5315, 2.3622 -6.2401 -0.5315, 2.3622 -6.3531 -0.5315, 2.3622 -6.3611 -0.5315, 0.1384 -0.8034 1.0433, 0.141 -0.8238 1.0433, 2.1653 0.0173 1.0433, 2.1653 -7.3646 1.0433, 1.496 -5.1992 1.0433, -2.1654 -7.3646 1.0433, -0.5119 -5.7898 1.0433, -0.5119 -5.1992 1.0433, 0.5118 -5.7898 1.0433, 1.496 -5.7898 1.0433, 0.5118 -5.1992 1.0433, -2.1654 0.0173 1.0433, -1.4961 -5.1992 1.0433, -1.4961 -5.7898 1.0433, 0.0827 -0.7477 1.0433, 0.1017 -0.7556 1.0433, -0.0624 -1.292 1.0433, -0.0828 -1.2893 1.0433, -0.1384 -1.2337 1.0433, -0.1411 -1.2133 1.0433, -0.1306 -0.7844 1.0433, -0.1181 -0.7681 1.0433, -0.1017 -0.7556 1.0433, 0.118 -0.7681 1.0433, 0.1305 -0.7844 1.0433, 0.141 -1.2133 1.0433, 0.1384 -1.2337 1.0433, 0.1305 -1.2527 1.0433, 0.118 -1.269 1.0433, -0.1017 -1.2815 1.0433, -0.1181 -1.269 1.0433, -0.1306 -1.2527 1.0433, -0.1411 -0.8238 1.0433, -0.1384 -0.8034 1.0433, -0.0828 -0.7477 1.0433, -0.0624 -0.745 1.0433, 0.0623 -0.745 1.0433, 0.1017 -1.2815 1.0433, 0.0827 -1.2893 1.0433, 0.0623 -1.292 1.0433, -2.2441 -1.5772 0.4528, -2.3622 -1.5772 0.4528, -2.2441 -0.7701 0.4528, -2.3622 -0.7701 0.4528, 2.2441 -1.5772 0.4528, 2.2441 -0.7701 0.4528, 2.2952 0.0173 -1.063, 2.1771 0.0173 -1.063, 2.2952 0.0173 -0.7811, 2.1771 0.0173 -0.7682, 2.3828 0.0173 -0.3874, 2.2675 0.0173 -0.3618, 2.4005 0.0173 -0.2569, 2.2831 0.0173 -0.1948, -2.1772 0.0173 -1.063, -2.2953 0.0173 -1.063, -2.1772 0.0173 -0.7682, -2.2953 0.0173 -0.7811, -2.2676 0.0173 -0.3618, -2.3828 0.0173 -0.3874, -2.2832 0.0173 -0.1948, 2.2441 0.0173 0.0591, 2.2472 0.0173 0.0145, 2.3641 0.0173 0.0312, 2.2567 0.0173 -0.0291, 2.37 0.0173 0.0039, 2.3962 0.0173 -0.1252, -2.4006 0.0173 -0.2569, -2.3963 0.0173 -0.1252, -2.2567 0.0173 -0.0291, -2.3701 0.0173 0.0039, -2.2473 0.0173 0.0145, -2.3642 0.0173 0.0312, -2.2441 0.0173 0.0591, -2.3622 0.0173 0.0591, -2.2441 0.0173 0.8465, -2.3622 0.0173 0.8465, -2.2415 0.0173 0.8668, -2.3555 0.0173 0.8974, -2.2336 0.0173 0.8858, -2.3359 0.0173 0.9449, -2.2211 0.0173 0.9021, -2.3046 0.0173 0.9857, -2.2048 0.0173 0.9147, -2.2638 0.0173 1.0169, -2.1858 0.0173 0.9225, -2.2163 0.0173 1.0366, -2.1654 0.0173 0.9252, 2.1653 0.0173 0.9252, 2.1857 0.0173 0.9225, 2.2163 0.0173 1.0366, 2.2047 0.0173 0.9147, 2.2637 0.0173 1.0169, 2.221 0.0173 0.9021, 2.3045 0.0173 0.9857, 2.2335 0.0173 0.8858, 2.3358 0.0173 0.9449, 2.2414 0.0173 0.8668, 2.3555 0.0173 0.8974, 2.2441 0.0173 0.8465, -2.3622 -1.5772 -0.5315, -2.3622 -7.3646 -0.5315, -2.3622 -0.7701 0.0591, -2.3622 -7.3646 0.8465, 2.2441 -7.3646 0.8465, 2.2441 -7.3646 -0.5315, 2.2414 -7.3646 0.8668, 2.3555 -7.3646 0.8974, 2.2335 -7.3646 0.8858, 2.3358 -7.3646 0.9449, 2.221 -7.3646 0.9021, 2.3045 -7.3646 0.9857, 2.2047 -7.3646 0.9147, 2.2637 -7.3646 1.0169, 2.1857 -7.3646 0.9225, 2.2163 -7.3646 1.0366, 2.1653 -7.3646 0.9252, -2.1654 -7.3646 0.9252, -2.1858 -7.3646 0.9225, -2.2163 -7.3646 1.0366, -2.2048 -7.3646 0.9147, -2.2638 -7.3646 1.0169, -2.2211 -7.3646 0.9021, -2.3046 -7.3646 0.9857, -2.2336 -7.3646 0.8858, -2.3359 -7.3646 0.9449, -2.2415 -7.3646 0.8668, -2.3555 -7.3646 0.8974, -2.2441 -7.3646 0.8465, -2.2441 -7.3646 -0.5315, -2.2415 -7.3646 -0.5519, -2.3555 -7.3646 -0.5824, -2.2336 -7.3646 -0.5709, -2.3359 -7.3646 -0.6299, -2.2211 -7.3646 -0.5872, -2.3046 -7.3646 -0.6707, -2.2048 -7.3646 -0.5997, -2.2638 -7.3646 -0.702, -2.1858 -7.3646 -0.6076, -2.2163 -7.3646 -0.7216, -2.1654 -7.3646 -0.6102, -2.1654 -7.3646 -0.7283, 2.1653 -7.3646 -0.6102, 2.1653 -7.3646 -0.7283, 2.1857 -7.3646 -0.6076, 2.2163 -7.3646 -0.7216, 2.2047 -7.3646 -0.5997, 2.2637 -7.3646 -0.702, 2.221 -7.3646 -0.5872, 2.3045 -7.3646 -0.6707, 2.2335 -7.3646 -0.5709, 2.3358 -7.3646 -0.6299, 2.2414 -7.3646 -0.5519, 2.3555 -7.3646 -0.5824, 1.496 -5.1992 -0.7283, 2.1653 -1.5772 -0.7283, -0.5119 -5.7898 -0.7283, -0.5119 -5.1992 -0.7283, -2.1654 -1.5772 -0.7283, 0.5118 -5.1992 -0.7283, 0.5118 -5.7898 -0.7283, -1.4961 -5.7898 -0.7283, -1.4961 -5.1992 -0.7283, 1.496 -5.7898 -0.7283, -2.2163 -1.5772 -0.7216, -2.2638 -1.5772 -0.702, -2.3046 -1.5772 -0.6707, -2.3359 -1.5772 -0.6299, -2.3555 -1.5772 -0.5824, 2.2163 -1.5772 -0.7216, 2.2637 -1.5772 -0.702, 2.3045 -1.5772 -0.6707, 2.3358 -1.5772 -0.6299, 2.3555 -1.5772 -0.5824, 1.496 -5.1992 0.9252, 0.5118 -5.1992 0.9252, 0.5118 -5.7898 0.9252, 1.496 -5.7898 0.9252, -0.5119 -5.7898 0.9252, -0.5119 -5.1992 0.9252, -1.4961 -5.1992 0.9252, -1.4961 -5.7898 0.9252, 2.2441 -1.5772 -0.5315, 2.2441 -0.7701 0.0591, 2.1653 -1.5772 -0.6102, 2.1857 -1.5772 -0.6076, 2.2047 -1.5772 -0.5997, 2.221 -1.5772 -0.5872, 2.2335 -1.5772 -0.5709, 2.2414 -1.5772 -0.5519, 0.5118 -5.1992 -0.6102, 1.496 -5.1992 -0.6102, -0.5119 -5.7898 -0.6102, -1.4961 -5.7898 -0.6102, -1.4961 -5.1992 -0.6102, -2.1654 -1.5772 -0.6102, -0.5119 -5.1992 -0.6102, 1.496 -5.7898 -0.6102, 0.5118 -5.7898 -0.6102, -2.2441 -1.5772 -0.5315, -2.2415 -1.5772 -0.5519, -2.2336 -1.5772 -0.5709, -2.2211 -1.5772 -0.5872, -2.2048 -1.5772 -0.5997, -2.1858 -1.5772 -0.6076, -2.2441 -0.7701 0.0591, 2.2952 0.0106 -1.1139, 2.2952 -0.1795 -1.2598, 2.2952 -0.5732 -1.2598, 2.2952 -0.1286 -1.2531, 2.2952 -0.0811 -1.2335, 2.2952 -0.0403 -1.2022, 2.2952 -0.0091 -1.1614, 2.2952 -0.7701 -0.7811, 2.2952 -0.7701 -1.063, 2.2952 -0.7634 -1.1139, 2.2952 -0.7437 -1.1614, 2.2952 -0.7124 -1.2022, 2.2952 -0.6717 -1.2335, 2.2952 -0.6242 -1.2531, 2.3828 -0.7701 -0.3874, 2.4005 -0.7701 -0.2569, 2.3962 -0.7701 -0.1252, 2.37 -0.7701 0.0039, 2.3641 -0.7701 0.0312, 2.2472 -0.7701 0.0145, 2.2567 -0.7701 -0.0291, 2.2831 -0.7701 -0.1948, 2.2675 -0.7701 -0.3618, 2.1771 -0.7701 -0.7682, 2.1771 -0.1795 -1.2598, 2.1771 0.0106 -1.1139, 2.1771 -0.5732 -1.2598, 2.1771 -0.7701 -1.063, 2.1771 -0.0091 -1.1614, 2.1771 -0.0403 -1.2022, 2.1771 -0.1286 -1.2531, 2.1771 -0.0811 -1.2335, 2.1771 -0.7124 -1.2022, 2.1771 -0.6717 -1.2335, 2.1771 -0.6242 -1.2531, 2.1771 -0.7437 -1.1614, 2.1771 -0.7634 -1.1139, -2.2953 -0.5732 -1.2598, -2.2953 -0.7701 -0.7811, -2.2953 -0.1795 -1.2598, -2.2953 0.0106 -1.1139, -2.2953 -0.1286 -1.2531, -2.2953 -0.6242 -1.2531, -2.2953 -0.7634 -1.1139, -2.2953 -0.7701 -1.063, -2.2953 -0.6717 -1.2335, -2.2953 -0.7124 -1.2022, -2.2953 -0.7437 -1.1614, -2.2953 -0.0091 -1.1614, -2.2953 -0.0403 -1.2022, -2.2953 -0.0811 -1.2335, -2.1772 -0.1795 -1.2598, -2.1772 -0.5732 -1.2598, -2.1772 -0.7701 -0.7682, -2.1772 -0.1286 -1.2531, -2.1772 0.0106 -1.1139, -2.1772 -0.0811 -1.2335, -2.1772 -0.0403 -1.2022, -2.1772 -0.0091 -1.1614, -2.1772 -0.6717 -1.2335, -2.1772 -0.7634 -1.1139, -2.1772 -0.7124 -1.2022, -2.1772 -0.7437 -1.1614, -2.1772 -0.7701 -1.063, -2.1772 -0.6242 -1.2531, -2.2676 -0.7701 -0.3618, -2.2832 -0.7701 -0.1948, -2.2567 -0.7701 -0.0291, -2.2473 -0.7701 0.0145, -2.3642 -0.7701 0.0312, -2.3701 -0.7701 0.0039, -2.3963 -0.7701 -0.1252, -2.4006 -0.7701 -0.2569, -2.3828 -0.7701 -0.3874, 0.0623 -0.8238 0.9646, -0.0624 -0.8238 0.9646, 0.0623 -1.2133 0.9646, -0.0624 -1.2133 0.9646, 0.1017 -1.2133 1.0039, 0.1017 -0.8238 1.0039, 0.1003 -1.2133 0.9937, 0.1003 -0.8238 0.9937, 0.0964 -1.2133 0.9843, 0.0964 -0.8238 0.9843, 0.0901 -1.2133 0.9761, 0.0901 -0.8238 0.9761, 0.082 -1.2133 0.9698, 0.082 -0.8238 0.9698, 0.0725 -1.2133 0.9659, 0.0725 -0.8238 0.9659, 0.0695 -0.8166 0.9659, 0.0711 -0.8187 0.9659, 0.0793 -0.8139 0.9698, 0.0649 -0.8139 0.9659, 0.0623 -0.8136 0.9659, 0.0674 -0.8149 0.9659, 0.0623 -0.8041 0.9698, 0.0674 -0.8047 0.9698, 0.0721 -0.8067 0.9698, 0.0762 -0.8098 0.9698, 0.0892 -0.8166 0.9761, 0.0813 -0.8187 0.9698, 0.0721 -0.8211 0.9659, 0.0623 -0.7959 0.9761, 0.0695 -0.7969 0.9761, 0.0762 -0.7996 0.9761, 0.082 -0.8041 0.9761, 0.0864 -0.8098 0.9761, 0.0623 -0.7897 0.9843, 0.0711 -0.7908 0.9843, 0.0793 -0.7942 0.9843, 0.0864 -0.7996 0.9843, 0.0918 -0.8067 0.9843, 0.0952 -0.8149 0.9843, 0.099 -0.8139 0.9937, 0.0952 -0.8047 0.9937, 0.0892 -0.7969 0.9937, 0.0813 -0.7908 0.9937, 0.0721 -0.787 0.9937, 0.0623 -0.7857 0.9937, 0.1003 -0.8136 1.0039, 0.0964 -0.8041 1.0039, 0.0901 -0.7959 1.0039, 0.082 -0.7897 1.0039, 0.0725 -0.7857 1.0039, 0.0623 -0.7844 1.0039, 0.0695 -1.2205 0.9659, 0.0674 -1.2221 0.9659, 0.0721 -1.2303 0.9698, 0.0721 -1.2159 0.9659, 0.0711 -1.2184 0.9659, 0.0813 -1.2184 0.9698, 0.0793 -1.2231 0.9698, 0.0762 -1.2272 0.9698, 0.0695 -1.2402 0.9761, 0.0674 -1.2323 0.9698, 0.0649 -1.2231 0.9659, 0.0892 -1.2205 0.9761, 0.0864 -1.2272 0.9761, 0.082 -1.233 0.9761, 0.0762 -1.2374 0.9761, 0.0623 -1.2474 0.9843, 0.0623 -1.2411 0.9761, 0.0623 -1.233 0.9698, 0.0623 -1.2235 0.9659, 0.0952 -1.2221 0.9843, 0.0918 -1.2303 0.9843, 0.0864 -1.2374 0.9843, 0.0793 -1.2428 0.9843, 0.0711 -1.2462 0.9843, 0.0623 -1.2513 0.9937, 0.0721 -1.25 0.9937, 0.0813 -1.2462 0.9937, 0.0892 -1.2402 0.9937, 0.0952 -1.2323 0.9937, 0.099 -1.2231 0.9937, 0.0623 -1.2527 1.0039, 0.0725 -1.2513 1.0039, 0.082 -1.2474 1.0039, 0.0901 -1.2411 1.0039, 0.0964 -1.233 1.0039, 0.1003 -1.2235 1.0039, 0.103 -1.2133 1.0141, 0.103 -0.8238 1.0141, 0.1069 -1.2133 1.0236, 0.1069 -0.8238 1.0236, 0.1132 -1.2133 1.0318, 0.1132 -0.8238 1.0318, 0.1213 -1.2133 1.038, 0.1213 -0.8238 1.038, 0.1308 -1.2133 1.042, 0.1308 -0.8238 1.042, 0.0623 -0.783 1.0141, 0.0728 -0.7844 1.0141, 0.0623 -0.7791 1.0236, 0.0738 -0.7806 1.0236, 0.0623 -0.7729 1.0318, 0.0755 -0.7746 1.0318, 0.0623 -0.7647 1.038, 0.0776 -0.7667 1.038, 0.0623 -0.7552 1.042, 0.08 -0.7575 1.042, 0.0826 -0.7885 1.0141, 0.0846 -0.7851 1.0236, 0.0877 -0.7797 1.0318, 0.0918 -0.7726 1.038, 0.0966 -0.7644 1.042, 0.0911 -0.795 1.0141, 0.0939 -0.7922 1.0236, 0.0983 -0.7878 1.0318, 0.1041 -0.782 1.038, 0.1108 -0.7753 1.042, 0.0976 -0.8034 1.0141, 0.101 -0.8014 1.0236, 0.1064 -0.7983 1.0318, 0.1134 -0.7942 1.038, 0.1217 -0.7895 1.042, 0.1016 -0.8132 1.0141, 0.1054 -0.8122 1.0236, 0.1115 -0.8106 1.0318, 0.1193 -0.8085 1.038, 0.1285 -0.806 1.042, -0.0624 -0.7844 1.0039, -0.0624 -0.7857 0.9937, -0.0624 -0.7897 0.9843, -0.0624 -0.7959 0.9761, -0.0624 -0.8041 0.9698, -0.0624 -0.8136 0.9659, -0.0624 -1.2527 1.0039, -0.0624 -1.2513 0.9937, -0.0624 -1.2474 0.9843, -0.0624 -1.2411 0.9761, -0.0624 -1.233 0.9698, -0.0624 -1.2235 0.9659, 0.1016 -1.2238 1.0141, 0.1054 -1.2248 1.0236, 0.1115 -1.2265 1.0318, 0.1193 -1.2286 1.038, 0.1285 -1.231 1.042, 0.0976 -1.2336 1.0141, 0.101 -1.2356 1.0236, 0.1064 -1.2387 1.0318, 0.1134 -1.2428 1.038, 0.1217 -1.2476 1.042, 0.0911 -1.2421 1.0141, 0.0939 -1.2449 1.0236, 0.0983 -1.2493 1.0318, 0.1041 -1.255 1.038, 0.1108 -1.2618 1.042, 0.0826 -1.2485 1.0141, 0.0846 -1.252 1.0236, 0.0877 -1.2574 1.0318, 0.0918 -1.2644 1.038, 0.0966 -1.2727 1.042, 0.0728 -1.2526 1.0141, 0.0738 -1.2564 1.0236, 0.0755 -1.2625 1.0318, 0.0776 -1.2703 1.038, 0.08 -1.2795 1.042, 0.0623 -1.254 1.0141, 0.0623 -1.2579 1.0236, 0.0623 -1.2642 1.0318, 0.0623 -1.2723 1.038, 0.0623 -1.2818 1.042, -0.0624 -0.7834 1.0127, -0.0624 -0.7829 1.0141, -0.0624 -0.7805 1.021, -0.0624 -0.7789 1.0235, -0.0624 -0.7758 1.0285, -0.0624 -0.7727 1.0316, -0.0624 -0.7696 1.0347, -0.0624 -0.7646 1.0378, -0.0624 -0.7621 1.0394, -0.0624 -0.7552 1.0418, -0.0624 -0.7538 1.0423, -0.0696 -0.8166 0.9659, -0.0675 -0.8149 0.9659, -0.0722 -0.8067 0.9698, -0.0722 -0.8211 0.9659, -0.0726 -0.8238 0.9659, -0.0712 -0.8187 0.9659, -0.0821 -0.8238 0.9698, -0.0814 -0.8187 0.9698, -0.0794 -0.8139 0.9698, -0.0763 -0.8098 0.9698, -0.0696 -0.7969 0.9761, -0.0675 -0.8047 0.9698, -0.065 -0.8139 0.9659, -0.0902 -0.8238 0.9761, -0.0893 -0.8166 0.9761, -0.0865 -0.8098 0.9761, -0.0821 -0.8041 0.9761, -0.0763 -0.7996 0.9761, -0.0965 -0.8238 0.9843, -0.0953 -0.8149 0.9843, -0.0919 -0.8067 0.9843, -0.0865 -0.7996 0.9843, -0.0794 -0.7942 0.9843, -0.0712 -0.7908 0.9843, -0.0722 -0.787 0.9937, -0.0814 -0.7908 0.9937, -0.0893 -0.7969 0.9937, -0.0953 -0.8047 0.9937, -0.0991 -0.8139 0.9937, -0.1004 -0.8238 0.9937, -0.0726 -0.7857 1.0039, -0.0821 -0.7897 1.0039, -0.0902 -0.7959 1.0039, -0.0965 -0.8041 1.0039, -0.1004 -0.8136 1.0039, -0.1017 -0.8238 1.0039, -0.0696 -1.2205 0.9659, -0.0712 -1.2184 0.9659, -0.0794 -1.2231 0.9698, -0.065 -1.2231 0.9659, -0.0675 -1.2221 0.9659, -0.0675 -1.2323 0.9698, -0.0722 -1.2303 0.9698, -0.0763 -1.2272 0.9698, -0.0893 -1.2205 0.9761, -0.0814 -1.2184 0.9698, -0.0722 -1.2159 0.9659, -0.0696 -1.2402 0.9761, -0.0763 -1.2374 0.9761, -0.0821 -1.233 0.9761, -0.0865 -1.2272 0.9761, -0.0965 -1.2133 0.9843, -0.0902 -1.2133 0.9761, -0.0821 -1.2133 0.9698, -0.0726 -1.2133 0.9659, -0.0712 -1.2462 0.9843, -0.0794 -1.2428 0.9843, -0.0865 -1.2374 0.9843, -0.0919 -1.2303 0.9843, -0.0953 -1.2221 0.9843, -0.1004 -1.2133 0.9937, -0.0991 -1.2231 0.9937, -0.0953 -1.2323 0.9937, -0.0893 -1.2402 0.9937, -0.0814 -1.2462 0.9937, -0.0722 -1.25 0.9937, -0.1017 -1.2133 1.0039, -0.1004 -1.2235 1.0039, -0.0965 -1.233 1.0039, -0.0902 -1.2411 1.0039, -0.0821 -1.2474 1.0039, -0.0726 -1.2513 1.0039, -0.0624 -1.254 1.0141, -0.0624 -1.2579 1.0236, -0.0624 -1.2642 1.0318, -0.0624 -1.2723 1.038, -0.0624 -1.2818 1.042, -0.0728 -0.7848 1.0127, -0.1027 -0.8238 1.0127, -0.1014 -0.8133 1.0127, -0.1032 -0.8238 1.0141, -0.1042 -0.8126 1.021, -0.0736 -0.782 1.021, -0.1087 -0.8113 1.0285, -0.1072 -0.8238 1.0235, -0.1056 -0.8238 1.021, -0.0748 -0.7774 1.0285, -0.1147 -0.8097 1.0347, -0.1135 -0.8238 1.0316, -0.1103 -0.8238 1.0285, -0.0764 -0.7714 1.0347, -0.131 -0.8238 1.0418, -0.124 -0.8238 1.0394, -0.1219 -0.8078 1.0394, -0.1215 -0.8238 1.0378, -0.1166 -0.8238 1.0347, -0.0973 -0.8036 1.0127, -0.0998 -0.8021 1.021, -0.1039 -0.7998 1.0285, -0.1093 -0.7967 1.0347, -0.1158 -0.7929 1.0394, -0.0909 -0.7952 1.0127, -0.093 -0.7932 1.021, -0.0963 -0.7898 1.0285, -0.1007 -0.7854 1.0347, -0.106 -0.7802 1.0394, -0.0826 -0.7888 1.0127, -0.084 -0.7863 1.021, -0.0864 -0.7822 1.0285, -0.0895 -0.7768 1.0347, -0.0932 -0.7704 1.0394, -0.0783 -0.7642 1.0394, -0.1324 -0.8238 1.0423, -0.13 -0.8056 1.0423, -0.123 -0.7888 1.0423, -0.1119 -0.7743 1.0423, -0.0974 -0.7632 1.0423, -0.0805 -0.7562 1.0423, -0.0729 -1.2526 1.0141, -0.0739 -1.2564 1.0236, -0.0755 -1.2625 1.0318, -0.0777 -1.2703 1.038, -0.0801 -1.2795 1.042, -0.0827 -1.2485 1.0141, -0.0847 -1.252 1.0236, -0.0878 -1.2574 1.0318, -0.0919 -1.2644 1.038, -0.0966 -1.2727 1.042, -0.0912 -1.2421 1.0141, -0.0939 -1.2449 1.0236, -0.0984 -1.2493 1.0318, -0.1041 -1.255 1.038, -0.1108 -1.2618 1.042, -0.0976 -1.2336 1.0141, -0.101 -1.2356 1.0236, -0.1065 -1.2387 1.0318, -0.1135 -1.2428 1.038, -0.1217 -1.2476 1.042, -0.1017 -1.2238 1.0141, -0.1055 -1.2248 1.0236, -0.1115 -1.2265 1.0318, -0.1194 -1.2286 1.038, -0.1286 -1.231 1.042, -0.1031 -1.2133 1.0141, -0.107 -1.2133 1.0236, -0.1133 -1.2133 1.0318, -0.1214 -1.2133 1.038, -0.1309 -1.2133 1.042
            ]
        }
        coordIndex [
            0,1,2,-1,3,4,5,-1,6,7,8,-1,9,10,11,-1,12,13,14,-1,15,16,17,-1,18,19,20,-1,21,22,23,-1,24,25,26,-1,27,28,29,-1,29,28,3,-1,30,31,29,-1,29,31,32,-1,32,33,29,-1,29,33,34,-1,29,34,27,-1,35,36,37,-1,38,39,40,-1,40,39,37,-1,37,39,41,-1,37,41,35,-1,42,43,44,-1,45,46,42,-1,42,46,47,-1,42,47,48,-1,38,40,49,-1,49,40,42,-1,49,42,50,-1,50,42,44,-1,50,44,51,-1,51,44,52,-1,51,52,53,-1,48,54,42,-1,42,54,55,-1,42,55,43,-1,56,57,58,-1,58,57,59,-1,58,59,60,-1,60,61,58,-1,58,61,62,-1,58,62,63,-1,63,62,64,-1,64,65,63,-1,63,65,66,-1,63,66,45,-1,45,66,67,-1,45,67,46,-1,68,69,70,-1,70,69,71,-1,70,71,58,-1,58,71,72,-1,58,72,56,-1,73,74,75,-1,75,74,76,-1,76,77,75,-1,75,77,78,-1,75,78,70,-1,70,78,79,-1,70,79,68,-1,0,80,1,-1,1,80,81,-1,1,81,82,-1,82,83,1,-1,1,83,84,-1,1,84,85,-1,86,87,4,-1,88,89,90,-1,91,92,0,-1,93,94,95,-1,95,94,96,-1,88,90,97,-1,91,0,98,-1,99,100,94,-1,94,100,101,-1,94,101,102,-1,4,87,0,-1,0,87,103,-1,0,103,98,-1,89,104,90,-1,90,104,105,-1,90,105,106,-1,107,108,109,-1,109,108,110,-1,109,110,111,-1,112,102,113,-1,113,102,114,-1,113,114,109,-1,109,114,115,-1,109,115,107,-1,112,116,102,-1,102,116,117,-1,102,117,94,-1,94,117,118,-1,94,118,96,-1,119,120,121,-1,121,120,122,-1,121,122,90,-1,90,122,123,-1,90,123,97,-1,124,125,90,-1,90,125,126,-1,90,126,94,-1,94,126,127,-1,94,127,99,-1,128,129,80,-1,80,129,130,-1,80,130,131,-1,131,132,80,-1,80,132,133,-1,80,133,134,-1,134,133,119,-1,134,119,135,-1,135,119,121,-1,92,136,0,-1,0,136,137,-1,0,137,80,-1,80,137,138,-1,80,138,128,-1,106,139,90,-1,90,139,140,-1,90,140,141,-1,141,142,90,-1,90,142,143,-1,90,143,124,-1,144,145,146,-1,146,102,144,-1,144,102,101,-1,144,101,147,-1,147,101,148,-1,148,149,147,-1,147,149,150,-1,147,150,151,-1,152,153,154,-1,153,155,154,-1,154,155,156,-1,154,156,157,-1,158,154,159,-1,145,144,158,-1,158,144,160,-1,158,160,154,-1,154,160,161,-1,154,161,152,-1,159,162,158,-1,158,162,163,-1,158,163,164,-1,157,156,165,-1,165,156,166,-1,165,166,167,-1,167,166,168,-1,167,168,169,-1,170,171,164,-1,164,171,172,-1,164,172,158,-1,28,173,3,-1,3,173,174,-1,3,174,4,-1,4,174,175,-1,4,175,86,-1,176,177,178,-1,178,177,179,-1,178,180,181,-1,181,180,182,-1,183,184,185,-1,185,184,186,-1,185,186,187,-1,185,176,183,-1,183,176,178,-1,183,178,188,-1,188,178,181,-1,188,181,26,-1,26,181,189,-1,26,189,24,-1,177,190,179,-1,179,190,191,-1,179,191,192,-1,192,191,193,-1,194,195,196,-1,196,195,197,-1,198,199,200,-1,200,199,201,-1,200,201,22,-1,202,203,204,-1,204,203,205,-1,204,205,201,-1,206,207,208,-1,209,210,211,-1,211,210,212,-1,213,214,206,-1,206,214,215,-1,206,215,216,-1,194,217,195,-1,195,217,218,-1,195,218,219,-1,219,218,220,-1,221,222,220,-1,220,222,223,-1,220,223,219,-1,216,224,206,-1,206,224,225,-1,206,225,207,-1,226,227,228,-1,229,230,204,-1,204,230,231,-1,204,231,202,-1,232,233,234,-1,228,227,235,-1,208,236,206,-1,206,236,237,-1,206,237,210,-1,210,237,197,-1,210,197,212,-1,212,197,195,-1,238,199,239,-1,209,240,210,-1,210,240,241,-1,210,241,242,-1,243,244,220,-1,220,244,245,-1,220,245,246,-1,232,234,198,-1,227,247,235,-1,235,247,238,-1,235,238,248,-1,248,238,239,-1,234,249,198,-1,198,249,250,-1,198,250,199,-1,199,250,251,-1,199,251,239,-1,246,252,220,-1,220,252,253,-1,220,253,221,-1,21,23,254,-1,254,23,255,-1,254,255,256,-1,257,258,20,-1,259,260,20,-1,20,260,261,-1,262,263,264,-1,264,263,265,-1,264,265,266,-1,266,267,264,-1,264,267,268,-1,264,268,269,-1,269,268,270,-1,269,270,257,-1,271,272,258,-1,258,272,273,-1,258,273,20,-1,20,273,274,-1,20,274,259,-1,261,275,20,-1,20,275,276,-1,20,276,18,-1,277,278,279,-1,279,278,280,-1,279,280,281,-1,279,282,277,-1,277,282,283,-1,277,283,284,-1,284,285,277,-1,277,285,286,-1,277,286,287,-1,287,286,288,-1,287,288,289,-1,289,288,290,-1,289,290,258,-1,258,290,291,-1,258,291,271,-1,292,293,281,-1,281,293,294,-1,281,294,279,-1,295,296,233,-1,233,296,297,-1,233,297,234,-1,295,298,296,-1,296,298,299,-1,296,299,300,-1,300,299,301,-1,300,302,303,-1,301,304,300,-1,300,304,305,-1,300,305,306,-1,306,307,300,-1,300,307,308,-1,300,308,302,-1,303,309,300,-1,300,309,310,-1,300,310,311,-1,312,313,314,-1,314,313,315,-1,314,315,316,-1,317,318,319,-1,319,318,320,-1,313,321,315,-1,315,321,322,-1,315,322,323,-1,323,322,324,-1,323,324,325,-1,325,324,326,-1,325,326,320,-1,320,326,327,-1,320,327,319,-1,328,329,330,-1,328,330,331,-1,332,333,334,-1,334,333,335,-1,334,335,336,-1,337,338,325,-1,323,339,340,-1,337,325,341,-1,340,342,323,-1,323,342,343,-1,323,343,328,-1,328,343,344,-1,328,344,329,-1,335,345,336,-1,336,345,346,-1,336,346,325,-1,325,346,347,-1,325,347,341,-1,338,348,325,-1,325,348,349,-1,325,349,323,-1,323,349,350,-1,323,350,339,-1,351,352,331,-1,331,352,353,-1,334,354,355,-1,355,354,356,-1,330,332,331,-1,331,332,334,-1,331,334,357,-1,357,334,355,-1,358,359,360,-1,360,359,361,-1,360,361,362,-1,360,351,358,-1,358,351,331,-1,358,331,363,-1,363,331,357,-1,363,357,17,-1,17,357,364,-1,17,364,15,-1,356,354,365,-1,365,354,366,-1,365,366,367,-1,368,369,370,-1,370,369,371,-1,370,371,372,-1,372,371,373,-1,372,373,374,-1,374,373,375,-1,374,375,376,-1,376,375,377,-1,376,377,378,-1,378,377,379,-1,378,379,318,-1,319,316,317,-1,317,316,315,-1,317,315,380,-1,381,382,178,-1,383,384,385,-1,386,387,382,-1,385,381,383,-1,383,381,178,-1,383,178,388,-1,389,380,390,-1,390,380,180,-1,390,180,391,-1,387,392,382,-1,382,392,393,-1,382,393,394,-1,395,180,396,-1,396,180,178,-1,396,178,397,-1,397,178,382,-1,397,382,398,-1,398,382,394,-1,386,382,399,-1,399,382,391,-1,399,391,400,-1,401,402,391,-1,391,402,403,-1,391,403,400,-1,395,404,180,-1,180,404,405,-1,180,405,391,-1,391,405,406,-1,391,406,401,-1,390,388,389,-1,389,388,178,-1,389,178,407,-1,408,407,409,-1,410,411,366,-1,352,412,353,-1,353,412,367,-1,353,367,14,-1,14,367,366,-1,14,366,413,-1,413,366,411,-1,12,14,414,-1,415,416,417,-1,418,419,415,-1,415,419,420,-1,415,420,413,-1,413,420,421,-1,413,421,14,-1,14,421,422,-1,14,422,414,-1,415,423,424,-1,417,425,415,-1,415,425,426,-1,415,426,427,-1,427,428,415,-1,415,428,429,-1,415,429,418,-1,430,431,432,-1,432,431,433,-1,432,433,434,-1,424,435,415,-1,415,435,436,-1,415,436,416,-1,423,415,432,-1,432,415,437,-1,432,437,430,-1,10,438,439,-1,439,438,440,-1,439,440,441,-1,11,442,443,-1,443,444,11,-1,11,444,445,-1,11,445,9,-1,446,447,448,-1,449,450,451,-1,451,450,452,-1,451,452,11,-1,11,452,453,-1,11,453,442,-1,454,455,456,-1,456,455,457,-1,456,457,458,-1,459,460,210,-1,210,460,461,-1,210,461,456,-1,456,461,462,-1,456,462,454,-1,226,228,242,-1,242,228,262,-1,242,262,210,-1,210,262,264,-1,210,264,459,-1,22,201,23,-1,23,201,205,-1,23,205,255,-1,255,205,463,-1,255,463,213,-1,213,463,464,-1,213,464,214,-1,465,466,467,-1,182,180,468,-1,468,180,469,-1,468,469,193,-1,193,469,467,-1,193,467,192,-1,192,467,466,-1,192,466,470,-1,471,472,473,-1,467,474,465,-1,465,474,475,-1,465,475,476,-1,476,475,471,-1,476,471,477,-1,477,471,473,-1,478,479,20,-1,257,20,269,-1,269,20,479,-1,269,479,474,-1,474,479,480,-1,474,480,475,-1,20,8,478,-1,478,8,481,-1,478,481,482,-1,7,483,8,-1,8,483,484,-1,8,484,481,-1,485,486,487,-1,256,255,19,-1,19,255,485,-1,19,485,20,-1,20,485,487,-1,20,487,8,-1,8,487,488,-1,8,488,489,-1,490,491,492,-1,492,491,493,-1,492,493,485,-1,485,493,494,-1,485,494,486,-1,489,495,8,-1,8,495,496,-1,8,496,6,-1,497,498,499,-1,498,500,499,-1,499,500,501,-1,499,501,492,-1,492,501,502,-1,492,502,490,-1,503,75,504,-1,504,75,70,-1,504,70,505,-1,505,70,58,-1,505,58,506,-1,506,58,63,-1,506,63,507,-1,507,63,45,-1,507,45,508,-1,508,45,42,-1,508,42,509,-1,509,42,40,-1,510,511,448,-1,448,511,512,-1,513,451,29,-1,447,449,448,-1,448,449,451,-1,448,451,510,-1,510,451,513,-1,510,513,514,-1,5,448,3,-1,3,448,512,-1,3,512,29,-1,29,512,515,-1,29,515,513,-1,516,517,518,-1,517,516,519,-1,519,516,5,-1,519,5,520,-1,521,522,523,-1,523,522,519,-1,523,519,524,-1,524,519,520,-1,524,520,525,-1,525,520,526,-1,2,516,0,-1,0,516,518,-1,0,518,4,-1,4,518,527,-1,4,527,5,-1,5,527,528,-1,5,528,520,-1,10,439,11,-1,11,439,529,-1,11,529,451,-1,451,529,37,-1,451,37,29,-1,29,37,36,-1,29,36,30,-1,2,213,516,-1,516,213,206,-1,516,206,5,-1,5,206,210,-1,5,210,448,-1,448,210,456,-1,448,456,446,-1,446,456,458,-1,318,379,320,-1,320,379,530,-1,320,530,325,-1,325,530,531,-1,325,531,336,-1,336,531,532,-1,336,532,334,-1,334,532,533,-1,334,533,354,-1,354,533,441,-1,354,441,366,-1,366,441,440,-1,366,440,410,-1,380,315,180,-1,180,315,323,-1,180,323,469,-1,469,323,328,-1,469,328,467,-1,467,328,331,-1,467,331,474,-1,474,331,353,-1,474,353,269,-1,269,353,14,-1,269,14,264,-1,264,14,13,-1,264,13,459,-1,407,178,409,-1,409,178,179,-1,409,179,534,-1,534,179,192,-1,534,192,499,-1,499,192,470,-1,499,470,497,-1,408,409,535,-1,535,409,534,-1,535,534,536,-1,536,534,499,-1,536,499,537,-1,537,499,492,-1,537,492,538,-1,538,492,485,-1,538,485,539,-1,539,485,255,-1,539,255,540,-1,540,255,213,-1,540,213,541,-1,541,213,2,-1,541,2,542,-1,542,2,1,-1,542,1,73,-1,73,1,85,-1,73,85,74,-1,543,544,545,-1,546,545,547,-1,548,546,549,-1,550,549,551,-1,551,549,546,-1,551,546,552,-1,552,546,547,-1,551,553,550,-1,550,553,554,-1,550,554,555,-1,555,554,548,-1,555,548,556,-1,556,548,549,-1,557,558,545,-1,559,560,553,-1,554,561,562,-1,563,564,554,-1,554,564,565,-1,558,566,545,-1,545,566,567,-1,545,567,543,-1,544,568,545,-1,545,568,569,-1,545,569,547,-1,547,569,570,-1,547,570,571,-1,560,572,553,-1,553,572,573,-1,553,573,554,-1,554,573,574,-1,554,574,561,-1,562,575,554,-1,554,575,576,-1,554,576,563,-1,565,577,554,-1,554,577,578,-1,554,578,545,-1,545,578,579,-1,545,579,557,-1,571,580,547,-1,547,580,581,-1,547,581,553,-1,553,581,582,-1,553,582,559,-1,583,584,585,-1,585,584,586,-1,378,587,376,-1,376,587,588,-1,589,590,591,-1,591,590,592,-1,591,592,593,-1,593,592,594,-1,593,594,595,-1,595,594,596,-1,597,598,599,-1,599,598,600,-1,599,600,601,-1,601,600,602,-1,601,602,603,-1,373,371,604,-1,604,371,369,-1,604,369,605,-1,605,369,606,-1,605,606,607,-1,607,606,608,-1,607,608,596,-1,596,608,609,-1,596,609,595,-1,602,610,603,-1,603,610,611,-1,603,611,612,-1,612,611,613,-1,612,613,614,-1,614,613,615,-1,614,615,616,-1,616,615,617,-1,616,617,618,-1,618,617,619,-1,618,619,620,-1,620,619,621,-1,620,621,622,-1,622,621,623,-1,622,623,624,-1,624,623,625,-1,624,625,626,-1,626,625,627,-1,626,627,628,-1,628,627,629,-1,628,629,630,-1,630,629,554,-1,630,554,631,-1,631,554,545,-1,631,545,632,-1,632,545,633,-1,632,633,634,-1,634,633,635,-1,634,635,636,-1,636,635,637,-1,636,637,638,-1,638,637,639,-1,638,639,640,-1,640,639,641,-1,640,641,642,-1,642,641,377,-1,642,377,604,-1,604,377,375,-1,604,375,373,-1,584,643,644,-1,619,617,645,-1,645,586,619,-1,619,586,584,-1,619,584,646,-1,646,584,644,-1,507,647,506,-1,506,647,648,-1,506,648,505,-1,505,648,504,-1,507,508,647,-1,647,508,509,-1,647,509,649,-1,649,509,650,-1,649,650,651,-1,651,650,652,-1,651,652,653,-1,653,652,654,-1,653,654,655,-1,655,654,656,-1,655,656,657,-1,657,656,658,-1,657,658,659,-1,659,658,546,-1,659,546,660,-1,660,546,548,-1,660,548,661,-1,661,548,662,-1,661,662,663,-1,663,662,664,-1,663,664,665,-1,665,664,666,-1,665,666,667,-1,667,666,668,-1,667,668,669,-1,669,668,670,-1,669,670,671,-1,671,670,646,-1,671,646,672,-1,672,646,644,-1,672,644,673,-1,673,644,674,-1,673,674,675,-1,675,674,676,-1,675,676,677,-1,677,676,678,-1,677,678,679,-1,679,678,680,-1,679,680,681,-1,681,680,682,-1,681,682,683,-1,683,682,684,-1,683,684,685,-1,685,684,686,-1,685,686,687,-1,687,686,688,-1,687,688,689,-1,689,688,690,-1,689,690,691,-1,691,690,692,-1,691,692,693,-1,693,692,694,-1,693,694,695,-1,695,694,696,-1,695,696,648,-1,648,696,503,-1,648,503,504,-1,697,698,686,-1,686,699,700,-1,698,697,701,-1,701,697,702,-1,701,702,703,-1,699,686,704,-1,704,686,684,-1,704,684,705,-1,705,684,701,-1,705,701,700,-1,700,701,703,-1,700,703,686,-1,686,703,706,-1,686,706,697,-1,701,684,682,-1,701,682,707,-1,707,682,680,-1,707,680,708,-1,708,680,678,-1,708,678,709,-1,709,678,676,-1,709,676,710,-1,710,676,674,-1,710,674,711,-1,711,674,644,-1,711,644,643,-1,75,503,696,-1,686,698,712,-1,686,712,688,-1,688,712,713,-1,688,713,690,-1,690,713,714,-1,690,714,692,-1,692,714,715,-1,692,715,694,-1,694,715,716,-1,694,716,696,-1,716,408,535,-1,537,538,696,-1,716,535,696,-1,696,535,536,-1,696,536,537,-1,538,539,696,-1,696,539,540,-1,696,540,541,-1,541,542,696,-1,696,542,73,-1,696,73,75,-1,545,546,658,-1,650,509,40,-1,40,37,650,-1,650,37,529,-1,650,529,439,-1,545,658,633,-1,633,658,656,-1,633,656,635,-1,635,656,654,-1,635,654,637,-1,637,654,652,-1,637,652,639,-1,639,652,650,-1,639,650,641,-1,641,650,439,-1,641,439,441,-1,441,533,641,-1,641,533,532,-1,641,532,531,-1,531,530,641,-1,641,530,379,-1,641,379,377,-1,548,554,629,-1,548,629,662,-1,662,629,627,-1,662,627,664,-1,664,627,625,-1,664,625,666,-1,666,625,623,-1,666,623,668,-1,668,623,621,-1,668,621,670,-1,670,621,619,-1,670,619,646,-1,630,660,628,-1,628,660,661,-1,628,661,626,-1,626,661,663,-1,626,663,624,-1,624,663,665,-1,624,665,622,-1,622,665,667,-1,622,667,620,-1,620,667,669,-1,620,669,618,-1,618,669,671,-1,717,718,630,-1,719,720,659,-1,659,720,717,-1,659,717,631,-1,631,717,630,-1,659,660,719,-1,719,660,721,-1,719,721,718,-1,718,721,722,-1,718,722,630,-1,630,722,723,-1,630,723,660,-1,660,723,724,-1,660,724,721,-1,642,647,640,-1,640,647,649,-1,640,649,638,-1,638,649,651,-1,638,651,636,-1,636,651,653,-1,636,653,634,-1,634,653,655,-1,634,655,632,-1,632,655,657,-1,632,657,631,-1,631,657,659,-1,587,725,648,-1,642,604,726,-1,726,588,642,-1,642,588,587,-1,642,587,647,-1,647,587,648,-1,727,685,728,-1,728,685,687,-1,728,687,729,-1,729,687,689,-1,729,689,730,-1,730,689,691,-1,730,691,731,-1,731,691,693,-1,731,693,732,-1,732,693,695,-1,732,695,725,-1,725,695,648,-1,733,734,727,-1,735,736,683,-1,683,736,737,-1,683,737,738,-1,738,737,739,-1,727,734,685,-1,685,734,740,-1,685,740,741,-1,683,685,735,-1,735,685,741,-1,735,741,739,-1,739,741,733,-1,739,733,738,-1,738,733,727,-1,742,672,743,-1,743,672,673,-1,743,673,744,-1,744,673,675,-1,744,675,745,-1,745,675,677,-1,745,677,746,-1,746,677,679,-1,746,679,747,-1,747,679,681,-1,747,681,738,-1,738,681,683,-1,748,616,585,-1,585,616,618,-1,585,618,583,-1,583,618,671,-1,583,671,742,-1,742,671,672,-1,378,318,587,-1,587,318,317,-1,725,408,732,-1,732,408,716,-1,732,716,731,-1,731,716,715,-1,731,715,730,-1,730,715,714,-1,730,714,729,-1,729,714,713,-1,729,713,728,-1,728,713,712,-1,728,712,727,-1,727,712,698,-1,727,698,738,-1,738,698,701,-1,738,701,747,-1,747,701,707,-1,747,707,746,-1,746,707,708,-1,746,708,745,-1,745,708,709,-1,745,709,744,-1,744,709,710,-1,744,710,743,-1,743,710,711,-1,743,711,742,-1,742,711,643,-1,742,643,583,-1,583,643,584,-1,317,380,587,-1,587,380,389,-1,587,389,725,-1,725,389,407,-1,725,407,408,-1,699,735,700,-1,700,735,739,-1,704,736,699,-1,699,736,735,-1,705,737,704,-1,704,737,736,-1,700,739,705,-1,705,739,737,-1,706,740,697,-1,697,740,734,-1,703,741,706,-1,706,741,740,-1,702,733,703,-1,703,733,741,-1,697,734,702,-1,702,734,733,-1,555,723,550,-1,550,723,722,-1,556,724,555,-1,555,724,723,-1,549,721,556,-1,556,721,724,-1,550,722,549,-1,549,722,721,-1,553,718,547,-1,547,718,717,-1,551,719,553,-1,553,719,718,-1,552,720,551,-1,551,720,719,-1,547,717,552,-1,552,717,720,-1,749,589,750,-1,750,589,751,-1,752,753,754,-1,752,754,750,-1,750,754,755,-1,750,755,749,-1,591,756,589,-1,589,756,757,-1,589,757,751,-1,751,757,758,-1,751,758,759,-1,759,760,751,-1,751,760,761,-1,751,761,762,-1,763,756,593,-1,593,756,591,-1,763,593,595,-1,763,595,764,-1,764,595,609,-1,764,609,765,-1,765,609,608,-1,765,608,766,-1,766,608,767,-1,767,608,606,-1,767,606,368,-1,368,606,369,-1,726,604,605,-1,726,605,768,-1,768,605,607,-1,768,607,769,-1,769,607,770,-1,770,607,596,-1,770,596,771,-1,771,596,594,-1,772,771,592,-1,592,771,594,-1,592,590,773,-1,773,590,774,-1,592,773,772,-1,772,773,775,-1,772,775,776,-1,774,777,773,-1,773,777,778,-1,773,778,779,-1,779,778,780,-1,781,775,782,-1,782,775,783,-1,781,784,775,-1,775,784,785,-1,775,785,776,-1,775,773,751,-1,751,773,750,-1,776,757,772,-1,772,757,756,-1,772,756,771,-1,771,756,763,-1,771,763,770,-1,368,726,767,-1,767,726,768,-1,767,768,766,-1,766,768,769,-1,766,769,765,-1,765,769,770,-1,765,770,764,-1,764,770,763,-1,368,370,726,-1,726,370,372,-1,726,372,588,-1,588,372,374,-1,588,374,376,-1,786,787,788,-1,788,787,600,-1,600,598,788,-1,788,598,789,-1,788,789,790,-1,791,792,786,-1,786,792,793,-1,786,793,787,-1,791,794,792,-1,792,794,795,-1,792,795,796,-1,797,798,789,-1,789,798,799,-1,789,799,790,-1,800,801,788,-1,788,801,786,-1,800,599,801,-1,801,599,802,-1,803,804,800,-1,800,804,597,-1,800,597,599,-1,803,805,804,-1,804,805,806,-1,804,806,807,-1,808,809,810,-1,810,809,811,-1,802,812,801,-1,801,812,809,-1,801,809,813,-1,813,809,808,-1,814,802,601,-1,601,802,599,-1,814,601,815,-1,815,601,603,-1,815,603,816,-1,816,603,612,-1,816,612,614,-1,816,614,817,-1,817,614,616,-1,817,616,748,-1,645,617,818,-1,818,617,615,-1,818,615,819,-1,819,615,613,-1,819,613,611,-1,819,611,820,-1,820,611,610,-1,820,610,821,-1,821,610,602,-1,821,602,822,-1,787,822,600,-1,600,822,602,-1,585,586,748,-1,748,586,645,-1,748,645,817,-1,817,645,818,-1,817,818,816,-1,816,818,819,-1,816,819,815,-1,793,812,787,-1,787,812,802,-1,787,802,822,-1,822,802,814,-1,822,814,821,-1,821,814,815,-1,821,815,820,-1,820,815,819,-1,598,597,804,-1,598,804,789,-1,789,804,807,-1,789,807,797,-1,797,807,806,-1,797,806,798,-1,798,806,805,-1,798,805,799,-1,799,805,803,-1,799,803,790,-1,790,803,800,-1,790,800,788,-1,786,801,813,-1,786,813,791,-1,791,813,808,-1,791,808,794,-1,794,808,810,-1,794,810,795,-1,795,810,811,-1,795,811,796,-1,796,811,809,-1,796,809,792,-1,792,809,812,-1,792,812,793,-1,775,751,762,-1,775,762,783,-1,783,762,761,-1,783,761,782,-1,782,761,760,-1,782,760,781,-1,781,760,759,-1,781,759,784,-1,784,759,758,-1,784,758,785,-1,785,758,757,-1,785,757,776,-1,590,589,749,-1,590,749,774,-1,774,749,755,-1,774,755,777,-1,777,755,754,-1,777,754,778,-1,778,754,753,-1,778,753,780,-1,780,753,752,-1,780,752,779,-1,779,752,750,-1,779,750,773,-1,823,824,825,-1,825,824,826,-1,827,828,829,-1,829,828,830,-1,829,830,831,-1,831,830,832,-1,831,832,833,-1,833,832,834,-1,833,834,835,-1,835,834,836,-1,835,836,837,-1,837,836,838,-1,837,838,825,-1,825,838,823,-1,839,840,841,-1,840,839,823,-1,823,842,843,-1,844,842,823,-1,845,843,846,-1,846,843,842,-1,846,842,847,-1,847,842,844,-1,847,844,848,-1,849,841,850,-1,850,841,840,-1,850,840,851,-1,851,840,823,-1,852,845,853,-1,853,845,846,-1,853,846,854,-1,854,846,847,-1,854,847,855,-1,855,847,848,-1,855,848,856,-1,832,849,834,-1,834,849,850,-1,834,850,836,-1,836,850,851,-1,836,851,838,-1,838,851,823,-1,857,852,858,-1,858,852,853,-1,858,853,859,-1,859,853,854,-1,859,854,860,-1,860,854,855,-1,860,855,861,-1,861,855,856,-1,861,856,862,-1,832,862,849,-1,849,862,856,-1,849,856,841,-1,841,856,848,-1,841,848,839,-1,839,848,844,-1,839,844,823,-1,832,830,862,-1,862,830,863,-1,862,863,861,-1,861,863,864,-1,861,864,860,-1,860,864,865,-1,860,865,859,-1,859,865,866,-1,859,866,858,-1,858,866,867,-1,858,867,857,-1,857,867,868,-1,830,828,863,-1,863,828,869,-1,863,869,864,-1,864,869,870,-1,864,870,865,-1,865,870,871,-1,865,871,866,-1,866,871,872,-1,866,872,867,-1,867,872,873,-1,867,873,868,-1,868,873,874,-1,875,876,877,-1,876,875,825,-1,825,878,837,-1,879,878,825,-1,835,837,880,-1,880,837,878,-1,880,878,881,-1,881,878,879,-1,881,879,882,-1,883,877,884,-1,884,877,876,-1,884,876,885,-1,885,876,825,-1,833,835,886,-1,886,835,880,-1,886,880,887,-1,887,880,881,-1,887,881,888,-1,888,881,882,-1,888,882,889,-1,890,883,891,-1,891,883,884,-1,891,884,892,-1,892,884,885,-1,892,885,893,-1,893,885,825,-1,831,833,894,-1,894,833,886,-1,894,886,895,-1,895,886,887,-1,895,887,896,-1,896,887,888,-1,896,888,897,-1,897,888,889,-1,897,889,898,-1,890,898,883,-1,883,898,889,-1,883,889,877,-1,877,889,882,-1,877,882,875,-1,875,882,879,-1,875,879,825,-1,890,899,898,-1,898,899,900,-1,898,900,897,-1,897,900,901,-1,897,901,896,-1,896,901,902,-1,896,902,895,-1,895,902,903,-1,895,903,894,-1,894,903,904,-1,894,904,831,-1,831,904,829,-1,899,905,900,-1,900,905,906,-1,900,906,901,-1,901,906,907,-1,901,907,902,-1,902,907,908,-1,902,908,903,-1,903,908,909,-1,903,909,904,-1,904,909,910,-1,904,910,829,-1,829,910,827,-1,828,827,911,-1,828,911,912,-1,912,911,913,-1,912,913,914,-1,914,913,915,-1,914,915,916,-1,916,915,917,-1,916,917,918,-1,918,917,919,-1,918,919,920,-1,920,919,568,-1,920,568,544,-1,874,873,921,-1,921,873,922,-1,921,922,923,-1,923,922,924,-1,923,924,925,-1,925,924,926,-1,925,926,927,-1,927,926,928,-1,927,928,929,-1,929,928,930,-1,929,930,579,-1,579,930,557,-1,873,872,922,-1,922,872,931,-1,922,931,924,-1,924,931,932,-1,924,932,926,-1,926,932,933,-1,926,933,928,-1,928,933,934,-1,928,934,930,-1,930,934,935,-1,930,935,557,-1,557,935,558,-1,872,871,931,-1,931,871,936,-1,931,936,932,-1,932,936,937,-1,932,937,933,-1,933,937,938,-1,933,938,934,-1,934,938,939,-1,934,939,935,-1,935,939,940,-1,935,940,558,-1,558,940,566,-1,871,870,936,-1,936,870,941,-1,936,941,937,-1,937,941,942,-1,937,942,938,-1,938,942,943,-1,938,943,939,-1,939,943,944,-1,939,944,940,-1,940,944,945,-1,940,945,566,-1,566,945,567,-1,870,869,941,-1,941,869,946,-1,941,946,942,-1,942,946,947,-1,942,947,943,-1,943,947,948,-1,943,948,944,-1,944,948,949,-1,944,949,945,-1,945,949,950,-1,945,950,567,-1,567,950,543,-1,869,828,946,-1,946,828,912,-1,946,912,947,-1,947,912,914,-1,947,914,948,-1,948,914,916,-1,948,916,949,-1,949,916,918,-1,949,918,950,-1,950,918,920,-1,950,920,543,-1,543,920,544,-1,874,951,868,-1,868,951,952,-1,868,952,857,-1,857,952,953,-1,857,953,852,-1,852,953,954,-1,852,954,845,-1,845,954,955,-1,845,955,843,-1,843,955,956,-1,843,956,823,-1,823,956,824,-1,957,905,958,-1,958,905,899,-1,958,899,959,-1,959,899,890,-1,959,890,960,-1,960,890,891,-1,960,891,961,-1,961,891,892,-1,961,892,962,-1,962,892,893,-1,962,893,826,-1,826,893,825,-1,827,910,911,-1,911,910,963,-1,911,963,913,-1,913,963,964,-1,913,964,915,-1,915,964,965,-1,915,965,917,-1,917,965,966,-1,917,966,919,-1,919,966,967,-1,919,967,568,-1,568,967,569,-1,910,909,963,-1,963,909,968,-1,963,968,964,-1,964,968,969,-1,964,969,965,-1,965,969,970,-1,965,970,966,-1,966,970,971,-1,966,971,967,-1,967,971,972,-1,967,972,569,-1,569,972,570,-1,909,908,968,-1,968,908,973,-1,968,973,969,-1,969,973,974,-1,969,974,970,-1,970,974,975,-1,970,975,971,-1,971,975,976,-1,971,976,972,-1,972,976,977,-1,972,977,570,-1,570,977,571,-1,908,907,973,-1,973,907,978,-1,973,978,974,-1,974,978,979,-1,974,979,975,-1,975,979,980,-1,975,980,976,-1,976,980,981,-1,976,981,977,-1,977,981,982,-1,977,982,571,-1,571,982,580,-1,907,906,978,-1,978,906,983,-1,978,983,979,-1,979,983,984,-1,979,984,980,-1,980,984,985,-1,980,985,981,-1,981,985,986,-1,981,986,982,-1,982,986,987,-1,982,987,580,-1,580,987,581,-1,906,905,983,-1,983,905,988,-1,983,988,984,-1,984,988,989,-1,984,989,985,-1,985,989,990,-1,985,990,986,-1,986,990,991,-1,986,991,987,-1,987,991,992,-1,987,992,581,-1,581,992,582,-1,951,874,993,-1,993,874,921,-1,993,921,994,-1,994,921,995,-1,995,921,923,-1,995,923,996,-1,996,923,997,-1,997,923,925,-1,997,925,998,-1,998,925,999,-1,999,925,927,-1,999,927,1000,-1,1000,927,1001,-1,1001,927,929,-1,1001,929,1002,-1,1002,929,1003,-1,1003,929,579,-1,1003,579,578,-1,1004,1005,1006,-1,1005,1004,824,-1,824,1007,1008,-1,1009,1007,824,-1,1010,1008,1011,-1,1011,1008,1007,-1,1011,1007,1012,-1,1012,1007,1009,-1,1012,1009,1013,-1,1014,1006,1015,-1,1015,1006,1005,-1,1015,1005,1016,-1,1016,1005,824,-1,1017,1010,1018,-1,1018,1010,1011,-1,1018,1011,1019,-1,1019,1011,1012,-1,1019,1012,1020,-1,1020,1012,1013,-1,1020,1013,1021,-1,953,1014,954,-1,954,1014,1015,-1,954,1015,955,-1,955,1015,1016,-1,955,1016,956,-1,956,1016,824,-1,1022,1017,1023,-1,1023,1017,1018,-1,1023,1018,1024,-1,1024,1018,1019,-1,1024,1019,1025,-1,1025,1019,1020,-1,1025,1020,1026,-1,1026,1020,1021,-1,1026,1021,1027,-1,953,1027,1014,-1,1014,1027,1021,-1,1014,1021,1006,-1,1006,1021,1013,-1,1006,1013,1004,-1,1004,1013,1009,-1,1004,1009,824,-1,953,952,1027,-1,1027,952,1028,-1,1027,1028,1026,-1,1026,1028,1029,-1,1026,1029,1025,-1,1025,1029,1030,-1,1025,1030,1024,-1,1024,1030,1031,-1,1024,1031,1023,-1,1023,1031,1032,-1,1023,1032,1022,-1,1022,1032,1033,-1,952,951,1028,-1,1028,951,1034,-1,1028,1034,1029,-1,1029,1034,1035,-1,1029,1035,1030,-1,1030,1035,1036,-1,1030,1036,1031,-1,1031,1036,1037,-1,1031,1037,1032,-1,1032,1037,1038,-1,1032,1038,1033,-1,1033,1038,1039,-1,1040,1041,1042,-1,1041,1040,826,-1,826,1043,962,-1,1044,1043,826,-1,961,962,1045,-1,1045,962,1043,-1,1045,1043,1046,-1,1046,1043,1044,-1,1046,1044,1047,-1,1048,1042,1049,-1,1049,1042,1041,-1,1049,1041,1050,-1,1050,1041,826,-1,960,961,1051,-1,1051,961,1045,-1,1051,1045,1052,-1,1052,1045,1046,-1,1052,1046,1053,-1,1053,1046,1047,-1,1053,1047,1054,-1,1055,1048,1056,-1,1056,1048,1049,-1,1056,1049,1057,-1,1057,1049,1050,-1,1057,1050,1058,-1,1058,1050,826,-1,959,960,1059,-1,1059,960,1051,-1,1059,1051,1060,-1,1060,1051,1052,-1,1060,1052,1061,-1,1061,1052,1053,-1,1061,1053,1062,-1,1062,1053,1054,-1,1062,1054,1063,-1,1055,1063,1048,-1,1048,1063,1054,-1,1048,1054,1042,-1,1042,1054,1047,-1,1042,1047,1040,-1,1040,1047,1044,-1,1040,1044,826,-1,1055,1064,1063,-1,1063,1064,1065,-1,1063,1065,1062,-1,1062,1065,1066,-1,1062,1066,1061,-1,1061,1066,1067,-1,1061,1067,1060,-1,1060,1067,1068,-1,1060,1068,1059,-1,1059,1068,1069,-1,1059,1069,959,-1,959,1069,958,-1,1064,1070,1065,-1,1065,1070,1071,-1,1065,1071,1066,-1,1066,1071,1072,-1,1066,1072,1067,-1,1067,1072,1073,-1,1067,1073,1068,-1,1068,1073,1074,-1,1068,1074,1069,-1,1069,1074,1075,-1,1069,1075,958,-1,958,1075,957,-1,905,957,1076,-1,905,1076,988,-1,988,1076,1077,-1,988,1077,989,-1,989,1077,1078,-1,989,1078,990,-1,990,1078,1079,-1,990,1079,991,-1,991,1079,1080,-1,991,1080,992,-1,992,1080,559,-1,992,559,582,-1,1081,1034,951,-1,1039,1038,1082,-1,1082,1038,1083,-1,1082,1083,1084,-1,1084,1083,1085,-1,951,993,1081,-1,1081,993,994,-1,1081,994,1086,-1,1087,1088,1085,-1,1085,1088,1089,-1,1085,1089,1084,-1,994,995,1086,-1,1086,995,996,-1,1086,996,1090,-1,1091,1092,1087,-1,1087,1092,1093,-1,1087,1093,1088,-1,996,997,1090,-1,1090,997,998,-1,1090,998,1094,-1,1095,1096,1097,-1,1097,1096,1098,-1,1097,1098,1091,-1,1091,1098,1099,-1,1091,1099,1092,-1,1038,1037,1083,-1,1083,1037,1100,-1,1083,1100,1085,-1,1085,1100,1101,-1,1085,1101,1087,-1,1087,1101,1102,-1,1087,1102,1091,-1,1091,1102,1103,-1,1091,1103,1097,-1,1097,1103,1104,-1,1037,1036,1100,-1,1100,1036,1105,-1,1100,1105,1101,-1,1101,1105,1106,-1,1101,1106,1102,-1,1102,1106,1107,-1,1102,1107,1103,-1,1103,1107,1108,-1,1103,1108,1104,-1,1104,1108,1109,-1,1036,1035,1105,-1,1105,1035,1110,-1,1105,1110,1106,-1,1106,1110,1111,-1,1106,1111,1107,-1,1107,1111,1112,-1,1107,1112,1108,-1,1108,1112,1113,-1,1108,1113,1109,-1,1109,1113,1114,-1,1035,1034,1110,-1,1110,1034,1081,-1,1110,1081,1111,-1,1111,1081,1086,-1,1111,1086,1112,-1,1112,1086,1090,-1,1112,1090,1113,-1,1113,1090,1094,-1,1113,1094,1114,-1,1114,1094,1115,-1,575,1116,1117,-1,1117,1116,1095,-1,998,999,1094,-1,1094,999,1000,-1,1094,1000,1115,-1,1115,1000,1001,-1,1115,1001,1002,-1,1095,1097,1117,-1,1117,1097,1104,-1,1117,1104,1118,-1,1118,1104,1109,-1,1118,1109,1119,-1,1119,1109,1114,-1,1119,1114,1120,-1,1120,1114,1115,-1,1120,1115,1121,-1,1121,1115,1002,-1,1121,1002,1003,-1,575,1117,576,-1,576,1117,1118,-1,576,1118,563,-1,563,1118,1119,-1,563,1119,564,-1,564,1119,1120,-1,564,1120,565,-1,565,1120,1121,-1,565,1121,577,-1,577,1121,1003,-1,577,1003,578,-1,1039,1070,1033,-1,1033,1070,1064,-1,1033,1064,1022,-1,1022,1064,1055,-1,1022,1055,1017,-1,1017,1055,1056,-1,1017,1056,1010,-1,1010,1056,1057,-1,1010,1057,1008,-1,1008,1057,1058,-1,1008,1058,824,-1,824,1058,826,-1,957,1075,1076,-1,1076,1075,1122,-1,1076,1122,1077,-1,1077,1122,1123,-1,1077,1123,1078,-1,1078,1123,1124,-1,1078,1124,1079,-1,1079,1124,1125,-1,1079,1125,1080,-1,1080,1125,1126,-1,1080,1126,559,-1,559,1126,560,-1,1075,1074,1122,-1,1122,1074,1127,-1,1122,1127,1123,-1,1123,1127,1128,-1,1123,1128,1124,-1,1124,1128,1129,-1,1124,1129,1125,-1,1125,1129,1130,-1,1125,1130,1126,-1,1126,1130,1131,-1,1126,1131,560,-1,560,1131,572,-1,1074,1073,1127,-1,1127,1073,1132,-1,1127,1132,1128,-1,1128,1132,1133,-1,1128,1133,1129,-1,1129,1133,1134,-1,1129,1134,1130,-1,1130,1134,1135,-1,1130,1135,1131,-1,1131,1135,1136,-1,1131,1136,572,-1,572,1136,573,-1,1073,1072,1132,-1,1132,1072,1137,-1,1132,1137,1133,-1,1133,1137,1138,-1,1133,1138,1134,-1,1134,1138,1139,-1,1134,1139,1135,-1,1135,1139,1140,-1,1135,1140,1136,-1,1136,1140,1141,-1,1136,1141,573,-1,573,1141,574,-1,1072,1071,1137,-1,1137,1071,1142,-1,1137,1142,1138,-1,1138,1142,1143,-1,1138,1143,1139,-1,1139,1143,1144,-1,1139,1144,1140,-1,1140,1144,1145,-1,1140,1145,1141,-1,1141,1145,1146,-1,1141,1146,574,-1,574,1146,561,-1,1071,1070,1142,-1,1142,1070,1147,-1,1142,1147,1143,-1,1143,1147,1148,-1,1143,1148,1144,-1,1144,1148,1149,-1,1144,1149,1145,-1,1145,1149,1150,-1,1145,1150,1146,-1,1146,1150,1151,-1,1146,1151,561,-1,561,1151,562,-1,1039,1082,1070,-1,1070,1082,1147,-1,1082,1084,1147,-1,1147,1084,1089,-1,1147,1089,1148,-1,1089,1088,1148,-1,1148,1088,1093,-1,1148,1093,1149,-1,1093,1092,1149,-1,1149,1092,1099,-1,1149,1099,1150,-1,1099,1098,1150,-1,1150,1098,1096,-1,1150,1096,1151,-1,1151,1096,1095,-1,1151,1095,562,-1,562,1095,1116,-1,562,1116,575,-1,
        ]
    }
}
Shape{
    appearance Appearance {
        material  Material 	{
            diffuseColor 0.0 0.0 0.0
            specularColor 0.0 0.0 0.0
            ambientIntensity 0.0
            transparency 0.0
            shininess 0.5
        }
    }
    geometry IndexedFaceSet {
        ccw TRUE
        solid FALSE
        coord DEF co Coordinate {
            point [
                2.3661 -6.3645 0.2109, 2.3661 -6.3645 0.1957, 2.3622 -6.3645 0.2109, 2.3622 -6.3645 0.1957, 2.3661 -6.4177 0.2109, 2.3622 -6.4177 0.2109, 2.3661 -6.4177 0.3291, 2.3622 -6.4177 0.3291, 2.3661 -6.4349 0.3291, 2.3622 -6.4349 0.3291, 2.3661 -6.4349 0.1957, 2.3622 -6.4349 0.1957, 2.3661 -6.2961 0.1934, 2.3622 -6.2961 0.1934, 2.3661 -6.2757 0.1953, 2.3622 -6.2843 0.1945, 2.3622 -6.2757 0.1953, 2.3622 -6.2614 0.2, 2.3661 -6.2614 0.2, 2.3622 -6.2591 0.2012, 2.3661 -6.2591 0.2012, 2.3661 -6.2591 0.2177, 2.3622 -6.2591 0.2177, 2.3622 -6.2704 0.2124, 2.3661 -6.2704 0.2124, 2.3622 -6.2851 0.2092, 2.3661 -6.2851 0.2092, 2.3622 -6.2936 0.2088, 2.3661 -6.2936 0.2088, 2.3622 -6.3059 0.2101, 2.3661 -6.3059 0.2101, 2.3622 -6.3156 0.2136, 2.3661 -6.3156 0.2136, 2.3622 -6.3245 0.2196, 2.3661 -6.3245 0.2196, 2.3622 -6.3279 0.2228, 2.3661 -6.3279 0.2228, 2.3622 -6.3343 0.2316, 2.3661 -6.3343 0.2316, 2.3622 -6.3386 0.2424, 2.3661 -6.3386 0.2424, 2.3622 -6.3408 0.2556, 2.3661 -6.3408 0.2556, 2.3622 -6.341 0.2609, 2.3661 -6.341 0.2609, 2.3622 -6.3388 0.2791, 2.3661 -6.3388 0.2791, 2.3622 -6.3344 0.2906, 2.3661 -6.3344 0.2906, 2.3622 -6.3279 0.2999, 2.3661 -6.3279 0.2999, 2.3622 -6.3269 0.301, 2.3661 -6.3269 0.301, 2.3622 -6.3182 0.3083, 2.3661 -6.3182 0.3083, 2.3622 -6.3078 0.3132, 2.3661 -6.3078 0.3132, 2.3622 -6.2962 0.3155, 2.3661 -6.2962 0.3155, 2.3622 -6.2906 0.3158, 2.3661 -6.2906 0.3158, 2.3622 -6.2742 0.3138, 2.3661 -6.2742 0.3138, 2.3622 -6.2606 0.3087, 2.3661 -6.2606 0.3087, 2.3622 -6.2591 0.3079, 2.3661 -6.2591 0.3079, 2.3661 -6.2591 0.3259, 2.3622 -6.2591 0.3259, 2.3622 -6.2908 0.3314, 2.3661 -6.2908 0.3314, 2.3622 -6.2764 0.3302, 2.3661 -6.2733 0.33, 2.3622 -6.2733 0.33, 2.3622 -6.3001 0.3302, 2.3661 -6.31 0.329, 2.3622 -6.31 0.329, 2.3622 -6.3239 0.3236, 2.3661 -6.3239 0.3236, 2.3622 -6.3368 0.3145, 2.3661 -6.3368 0.3145, 2.3622 -6.3398 0.3117, 2.3661 -6.3398 0.3117, 2.3622 -6.3494 0.2991, 2.3622 -6.3531 0.2906, 2.3661 -6.3558 0.2842, 2.3661 -6.3494 0.2991, 2.3622 -6.3558 0.2842, 2.3622 -6.3588 0.2668, 2.3661 -6.3588 0.2668, 2.3622 -6.359 0.2599, 2.3661 -6.359 0.2599, 2.3622 -6.3565 0.2383, 2.3622 -6.3531 0.2296, 2.3661 -6.351 0.2243, 2.3661 -6.3565 0.2383, 2.3622 -6.351 0.2243, 2.3622 -6.3431 0.2129, 2.3661 -6.3431 0.2129, 2.3622 -6.3419 0.2116, 2.3661 -6.3419 0.2116, 2.3622 -6.3201 0.1973, 2.3661 -6.3325 0.2036, 2.3622 -6.3325 0.2036, 2.3622 -6.3083 0.1945, 2.3661 -6.306 0.194, 2.3661 -6.3201 0.1973, 2.3622 -6.306 0.194, 2.3661 -6.1606 0.2109, 2.3661 -6.1606 0.1957, 2.3622 -6.1606 0.2109, 2.3622 -6.1606 0.1957, 2.3622 -6.2152 0.2109, 2.3661 -6.2152 0.2109, 2.3622 -6.1792 0.2109, 2.3661 -6.2152 0.2558, 2.3622 -6.2152 0.2558, 2.3661 -6.1675 0.2558, 2.3622 -6.1792 0.2558, 2.3622 -6.1675 0.2558, 2.3661 -6.1675 0.271, 2.3622 -6.1675 0.271, 2.3622 -6.2152 0.271, 2.3661 -6.2152 0.271, 2.3622 -6.1792 0.271, 2.3661 -6.2152 0.3138, 2.3622 -6.2152 0.3138, 2.3622 -6.1637 0.3138, 2.3661 -6.1637 0.3138, 2.3622 -6.1792 0.3138, 2.3661 -6.1637 0.3291, 2.3622 -6.1637 0.3291, 2.3622 -6.2324 0.3291, 2.3661 -6.2324 0.3291, 2.3622 -6.1792 0.3291, 2.3661 -6.2324 0.1957, 2.3622 -6.2324 0.1957, 2.3622 -6.1792 0.1957, 2.3661 -6.0525 0.2331, 2.3661 -6.0592 0.2248, 2.3661 -6.0469 0.2143, 2.3661 -6.0608 0.2233, 2.3661 -6.061 0.2043, 2.3661 -6.0694 0.2173, 2.3661 -6.0762 0.1984, 2.3661 -6.0805 0.213, 2.3661 -6.0987 0.1957, 2.3661 -6.0988 0.2109, 2.3661 -6.1354 0.1957, 2.3661 -6.1182 0.2109, 2.3661 -6.1354 0.3291, 2.3661 -6.1182 0.3138, 2.3661 -6.0974 0.3291, 2.3661 -6.0981 0.3138, 2.3661 -6.077 0.3269, 2.3661 -6.0803 0.3117, 2.3661 -6.0609 0.321, 2.3661 -6.0688 0.3074, 2.3661 -6.0469 0.3114, 2.3661 -6.0595 0.3012, 2.3661 -6.0422 0.3068, 2.3661 -6.0557 0.2974, 2.3661 -6.0339 0.2951, 2.3661 -6.0506 0.2899, 2.3661 -6.029 0.2824, 2.3661 -6.0468 0.2802, 2.3661 -6.0268 0.2641, 2.3661 -6.0449 0.2636, 2.3661 -6.0275 0.2529, 2.3661 -6.0453 0.2552, 2.3661 -6.0312 0.2377, 2.3661 -6.0479 0.243, 2.3661 -6.0383 0.2242, 2.3622 -6.0987 0.1957, 2.3622 -6.1354 0.1957, 2.3622 -6.0469 0.2143, 2.3622 -6.0762 0.1984, 2.3622 -6.0743 0.1991, 2.3622 -6.061 0.2043, 2.3622 -6.0383 0.2242, 2.3622 -6.0312 0.2377, 2.3622 -6.0275 0.2529, 2.3622 -6.0268 0.2641, 2.3622 -6.029 0.2824, 2.3622 -6.0339 0.2951, 2.3622 -6.0422 0.3068, 2.3622 -6.0469 0.3114, 2.3622 -6.0609 0.321, 2.3622 -6.0743 0.3259, 2.3622 -6.077 0.3269, 2.3622 -6.0974 0.3291, 2.3622 -6.1354 0.3291, 2.3622 -6.0981 0.3138, 2.3622 -6.1182 0.3138, 2.3622 -6.1182 0.2109, 2.3622 -6.0988 0.2109, 2.3622 -6.0592 0.2248, 2.3622 -6.0608 0.2233, 2.3622 -6.0694 0.2173, 2.3622 -6.0805 0.213, 2.3622 -6.0449 0.2636, 2.3622 -6.0453 0.2552, 2.3622 -6.0479 0.243, 2.3622 -6.0525 0.2331, 2.3622 -6.0595 0.3012, 2.3622 -6.0557 0.2974, 2.3622 -6.0506 0.2899, 2.3622 -6.0468 0.2802, 2.3622 -6.0803 0.3117, 2.3622 -6.0688 0.3074
            ]
        }
        coordIndex [
            0,1,2,-1,2,1,3,-1,4,0,5,-1,5,0,2,-1,6,4,7,-1,7,4,5,-1,8,6,9,-1,9,6,7,-1,10,8,11,-1,11,8,9,-1,1,10,3,-1,3,10,11,-1,6,8,4,-1,4,8,10,-1,4,10,0,-1,0,10,1,-1,12,13,14,-1,14,13,15,-1,15,16,14,-1,14,16,17,-1,14,17,18,-1,18,17,19,-1,18,19,20,-1,21,20,22,-1,22,20,19,-1,21,22,23,-1,21,23,24,-1,24,23,25,-1,24,25,26,-1,26,25,27,-1,26,27,28,-1,28,27,29,-1,28,29,30,-1,30,29,31,-1,30,31,32,-1,32,31,33,-1,32,33,34,-1,34,33,35,-1,34,35,36,-1,36,35,37,-1,36,37,38,-1,38,37,39,-1,38,39,40,-1,40,39,41,-1,40,41,42,-1,42,41,43,-1,42,43,44,-1,44,43,45,-1,44,45,46,-1,46,45,47,-1,46,47,48,-1,48,47,49,-1,48,49,50,-1,50,49,51,-1,50,51,52,-1,52,51,53,-1,52,53,54,-1,54,53,55,-1,54,55,56,-1,56,55,57,-1,56,57,58,-1,58,57,59,-1,58,59,60,-1,60,59,61,-1,60,61,62,-1,62,61,63,-1,62,63,64,-1,64,63,65,-1,64,65,66,-1,67,66,68,-1,68,66,65,-1,69,70,71,-1,71,70,72,-1,71,72,73,-1,73,72,67,-1,73,67,68,-1,70,69,74,-1,70,74,75,-1,74,76,75,-1,75,76,77,-1,75,77,78,-1,78,77,79,-1,78,79,80,-1,80,79,81,-1,80,81,82,-1,82,81,83,-1,84,85,83,-1,83,85,86,-1,83,86,82,-1,84,87,85,-1,85,87,88,-1,85,88,89,-1,89,88,90,-1,89,90,91,-1,91,90,92,-1,93,94,92,-1,92,94,95,-1,92,95,91,-1,93,96,94,-1,94,96,97,-1,94,97,98,-1,98,97,99,-1,98,99,100,-1,101,102,103,-1,103,102,100,-1,103,100,99,-1,104,105,101,-1,101,105,106,-1,101,106,102,-1,104,107,105,-1,105,107,13,-1,105,13,12,-1,46,48,86,-1,54,56,75,-1,86,48,82,-1,75,56,70,-1,75,78,54,-1,54,78,80,-1,54,80,52,-1,52,80,82,-1,52,82,50,-1,50,82,48,-1,56,58,70,-1,70,58,60,-1,70,60,72,-1,72,60,62,-1,72,62,67,-1,67,62,64,-1,67,64,66,-1,91,44,89,-1,89,44,46,-1,89,46,85,-1,85,46,86,-1,20,21,18,-1,18,21,24,-1,18,24,14,-1,14,24,26,-1,14,26,12,-1,12,26,28,-1,12,28,105,-1,105,28,30,-1,105,30,106,-1,106,30,32,-1,106,32,102,-1,102,32,34,-1,102,34,100,-1,100,34,36,-1,100,36,98,-1,98,36,38,-1,98,38,94,-1,94,38,95,-1,95,38,40,-1,95,40,91,-1,91,40,42,-1,91,42,44,-1,108,109,110,-1,110,109,111,-1,112,113,114,-1,114,113,108,-1,114,108,110,-1,115,113,116,-1,116,113,112,-1,115,116,117,-1,117,116,118,-1,117,118,119,-1,120,117,121,-1,121,117,119,-1,122,123,124,-1,124,123,120,-1,124,120,121,-1,125,123,126,-1,126,123,122,-1,127,128,129,-1,129,128,125,-1,129,125,126,-1,130,128,131,-1,131,128,127,-1,132,133,134,-1,134,133,130,-1,134,130,131,-1,135,133,136,-1,136,133,132,-1,111,109,137,-1,137,109,135,-1,137,135,136,-1,128,130,125,-1,125,130,133,-1,125,133,123,-1,109,108,135,-1,135,108,113,-1,135,113,115,-1,117,120,115,-1,115,120,123,-1,115,123,135,-1,135,123,133,-1,138,139,140,-1,140,139,141,-1,140,141,142,-1,142,141,143,-1,142,143,144,-1,144,143,145,-1,144,145,146,-1,146,145,147,-1,146,147,148,-1,148,147,149,-1,148,149,150,-1,150,149,151,-1,150,151,152,-1,152,151,153,-1,152,153,154,-1,154,153,155,-1,154,155,156,-1,156,155,157,-1,156,157,158,-1,158,157,159,-1,158,159,160,-1,160,159,161,-1,160,161,162,-1,162,161,163,-1,162,163,164,-1,164,163,165,-1,164,165,166,-1,166,165,167,-1,166,167,168,-1,168,167,169,-1,168,169,170,-1,170,169,171,-1,170,171,172,-1,172,171,138,-1,172,138,140,-1,146,148,173,-1,173,148,174,-1,175,140,142,-1,146,173,176,-1,146,176,144,-1,144,176,177,-1,144,177,142,-1,142,177,178,-1,142,178,175,-1,140,175,179,-1,140,179,172,-1,172,179,180,-1,172,180,170,-1,170,180,181,-1,170,181,168,-1,168,181,182,-1,168,182,166,-1,166,182,183,-1,166,183,164,-1,164,183,184,-1,164,184,162,-1,162,184,185,-1,162,185,160,-1,160,185,186,-1,160,186,158,-1,158,186,187,-1,188,154,187,-1,187,154,156,-1,187,156,158,-1,188,189,154,-1,154,189,190,-1,154,190,152,-1,150,152,191,-1,191,152,190,-1,148,150,174,-1,174,150,191,-1,153,151,192,-1,192,151,193,-1,151,149,193,-1,193,149,194,-1,149,147,194,-1,194,147,195,-1,139,196,197,-1,139,197,141,-1,141,197,198,-1,141,198,143,-1,143,198,199,-1,143,199,145,-1,145,199,195,-1,145,195,147,-1,167,200,201,-1,167,201,169,-1,169,201,202,-1,169,202,171,-1,171,202,203,-1,171,203,138,-1,138,203,196,-1,138,196,139,-1,159,204,205,-1,159,205,161,-1,161,205,206,-1,161,206,163,-1,163,206,207,-1,163,207,165,-1,165,207,200,-1,165,200,167,-1,153,192,208,-1,153,208,155,-1,155,208,209,-1,155,209,157,-1,157,209,204,-1,157,204,159,-1,
        ]
    }
}
Shape{
    appearance Appearance {
        material  Material 	{
            diffuseColor 0.7529411764705882 0.7529411764705882 0.7529411764705882
            specularColor 0.3764705882352941 0.3764705882352941 0.3764705882352941
            ambientIntensity 0.7529
            transparency 0.0
            shininess 0.5
        }
    }
    geometry IndexedFaceSet {
        ccw TRUE
        solid FALSE
        coord DEF co Coordinate {
            point [
                2.3622 -6.1182 0.3138, 2.3622 -6.1182 0.2109, 2.3622 -6.0981 0.3138, 2.3622 -6.0988 0.2109, 2.3622 -6.0805 0.213, 2.3622 -6.0694 0.2173, 2.3622 -6.0608 0.2233, 2.3622 -6.0592 0.2248, 2.3622 -6.0525 0.2331, 2.3622 -6.0479 0.243, 2.3622 -6.0449 0.2636, 2.3622 -6.0595 0.3012, 2.3622 -6.0688 0.3074, 2.3622 -6.0468 0.2802, 2.3622 -6.0506 0.2899, 2.3622 -6.0557 0.2974, 2.3622 -6.0453 0.2552, 2.3622 -6.0803 0.3117
            ]
        }
        coordIndex [
            0,1,2,-1,2,1,3,-1,3,4,2,-1,2,4,5,-1,2,5,6,-1,6,7,2,-1,2,7,8,-1,2,8,9,-1,10,11,12,-1,13,14,10,-1,10,14,15,-1,10,15,11,-1,9,16,2,-1,2,16,10,-1,2,10,17,-1,17,10,12,-1,
        ]
    }
}
Shape{
    appearance Appearance {
        material  Material 	{
            diffuseColor 0.0 0.0 0.0
            specularColor 0.0 0.0 0.0
            ambientIntensity 0.0
            transparency 0.0
            shininess 0.5
        }
    }
    geometry IndexedFaceSet {
        ccw TRUE
        solid FALSE
        coord DEF co Coordinate {
            point [
                2.3661 -5.9821 0.2472, 2.3661 -5.9875 0.2322, 2.3661 -5.9373 0.2472, 2.3661 -5.932 0.2322, 2.3661 -5.9621 0.3027, 2.3661 -5.9686 0.3291, 2.3661 -6.0194 0.1957, 2.3661 -6.0004 0.1957, 2.3661 -5.961 0.3067, 2.3661 -5.9599 0.312, 2.3661 -5.9501 0.3291, 2.3661 -5.9595 0.312, 2.3661 -5.9584 0.3064, 2.3661 -5.9574 0.3027, 2.3661 -5.8993 0.1957, 2.3661 -5.9183 0.1957, 2.3622 -5.9501 0.3291, 2.3622 -5.8993 0.1957, 2.3622 -5.9686 0.3291, 2.3622 -6.0194 0.1957, 2.3622 -5.9809 0.2966, 2.3622 -6.0004 0.1957, 2.3622 -5.9875 0.2322, 2.3622 -5.932 0.2322, 2.3622 -5.9809 0.2322, 2.3622 -5.9183 0.1957, 2.3622 -5.9821 0.2472, 2.3622 -5.9373 0.2472, 2.3622 -5.9574 0.3027, 2.3622 -5.9595 0.312, 2.3622 -5.9584 0.3064, 2.3622 -5.9599 0.312, 2.3622 -5.9621 0.3027, 2.3622 -5.961 0.3067
            ]
        }
        coordIndex [
            0,1,2,-1,2,1,3,-1,4,5,0,-1,0,5,6,-1,0,6,1,-1,1,6,7,-1,4,8,5,-1,5,8,9,-1,5,9,10,-1,10,9,11,-1,10,11,12,-1,12,13,10,-1,10,13,2,-1,10,2,14,-1,14,2,3,-1,14,3,15,-1,10,14,16,-1,16,14,17,-1,5,10,18,-1,18,10,16,-1,19,6,20,-1,20,6,5,-1,20,5,18,-1,7,6,21,-1,21,6,19,-1,1,7,22,-1,22,7,21,-1,23,3,24,-1,24,3,1,-1,24,1,22,-1,15,3,25,-1,25,3,23,-1,14,15,17,-1,17,15,25,-1,0,2,26,-1,26,2,27,-1,2,13,27,-1,27,13,28,-1,11,29,30,-1,11,30,12,-1,12,30,28,-1,12,28,13,-1,11,9,29,-1,29,9,31,-1,4,32,33,-1,4,33,8,-1,8,33,31,-1,8,31,9,-1,4,0,32,-1,32,0,26,-1,
        ]
    }
}
Shape{
    appearance Appearance {
        material  Material 	{
            diffuseColor 0.7529411764705882 0.7529411764705882 0.7529411764705882
            specularColor 0.3764705882352941 0.3764705882352941 0.3764705882352941
            ambientIntensity 0.7529
            transparency 0.0
            shininess 0.5
        }
    }
    geometry IndexedFaceSet {
        ccw TRUE
        solid FALSE
        coord DEF co Coordinate {
            point [
                2.3622 -5.9595 0.312, 2.3622 -5.9599 0.312, 2.3622 -5.9584 0.3064, 2.3622 -5.961 0.3067, 2.3622 -5.9574 0.3027, 2.3622 -5.9621 0.3027, 2.3622 -5.9373 0.2472, 2.3622 -5.9821 0.2472
            ]
        }
        coordIndex [
            0,1,2,-1,2,1,3,-1,2,3,4,-1,4,3,5,-1,4,5,6,-1,6,5,7,-1,
        ]
    }
}
Shape{
    appearance Appearance {
        material  Material 	{
            diffuseColor 0.0 0.0 0.0
            specularColor 0.0 0.0 0.0
            ambientIntensity 0.0
            transparency 0.0
            shininess 0.5
        }
    }
    geometry IndexedFaceSet {
        ccw TRUE
        solid FALSE
        coord DEF co Coordinate {
            point [
                2.3661 -6.3631 -0.0008, 2.3661 -6.3631 -0.0161, 2.3622 -6.3631 -0.0008, 2.3622 -6.3631 -0.0161, 2.3661 -6.4177 -0.0008, 2.3622 -6.4177 -0.0008, 2.3661 -6.4177 0.0441, 2.3622 -6.4177 0.0441, 2.3661 -6.3699 0.0441, 2.3622 -6.3699 0.0441, 2.3661 -6.3699 0.0593, 2.3622 -6.3699 0.0593, 2.3661 -6.4177 0.0593, 2.3622 -6.4177 0.0593, 2.3661 -6.4177 0.102, 2.3622 -6.4177 0.102, 2.3661 -6.3661 0.102, 2.3622 -6.3661 0.102, 2.3661 -6.3661 0.1174, 2.3622 -6.3661 0.1174, 2.3661 -6.4349 0.1174, 2.3622 -6.4349 0.1174, 2.3661 -6.4349 -0.0161, 2.3622 -6.4349 -0.0161, 2.3661 -6.2877 -0.0013, 2.3661 -6.2872 -0.0013, 2.3661 -6.2883 0.0141, 2.3661 -6.2873 0.0215, 2.3661 -6.2705 0.0453, 2.3661 -6.2872 0.0226, 2.3661 -6.2872 0.0318, 2.3661 -6.2872 -0.0161, 2.3661 -6.2705 -0.0161, 2.3661 -6.33 0.0135, 2.3661 -6.3292 0.0173, 2.3661 -6.3437 0.0246, 2.3661 -6.2908 0.0081, 2.3661 -6.2944 0.0032, 2.3661 -6.2903 -0.0054, 2.3661 -6.2965 0.0011, 2.3661 -6.2956 -0.011, 2.3661 -6.3012 -0.002, 2.3661 -6.3015 -0.0149, 2.3661 -6.3063 -0.0039, 2.3661 -6.3082 -0.0173, 2.3661 -6.3126 -0.0046, 2.3661 -6.3169 -0.0183, 2.3661 -6.3182 -0.004, 2.3661 -6.3269 -0.0171, 2.3661 -6.322 -0.0026, 2.3661 -6.3333 -0.0147, 2.3661 -6.3253 -0.0003, 2.3661 -6.3389 -0.0108, 2.3661 -6.3267 0.0011, 2.3661 -6.3404 0.0293, 2.3661 -6.3277 0.0204, 2.3661 -6.3353 0.0338, 2.3661 -6.3257 0.0229, 2.3661 -6.3282 0.0374, 2.3661 -6.3236 0.0245, 2.3661 -6.3197 0.0264, 2.3661 -6.3155 0.0406, 2.3661 -6.3096 0.0288, 2.3661 -6.2872 0.0445, 2.3661 -6.346 0.0187, 2.3661 -6.3471 0.0114, 2.3661 -6.3302 0.0108, 2.3661 -6.3471 0.0095, 2.3661 -6.3297 0.007, 2.3661 -6.3463 0.0019, 2.3661 -6.3286 0.004, 2.3661 -6.3443 -0.0038, 2.3661 -6.3408 -0.0089, 2.3661 -6.3378 0.0726, 2.3661 -6.3378 0.0563, 2.3661 -6.3343 0.0746, 2.3661 -6.3274 0.0631, 2.3661 -6.3218 0.0794, 2.3661 -6.3169 0.0667, 2.3661 -6.305 0.0814, 2.3661 -6.3065 0.0679, 2.3661 -6.2951 0.0806, 2.3661 -6.3009 0.0673, 2.3661 -6.288 0.0785, 2.3661 -6.297 0.0659, 2.3661 -6.2824 0.0753, 2.3661 -6.294 0.064, 2.3661 -6.278 0.0711, 2.3661 -6.2915 0.0613, 2.3661 -6.2745 0.0657, 2.3661 -6.2896 0.0579, 2.3661 -6.2719 0.0582, 2.3661 -6.2878 0.0519, 2.3622 -6.305 0.0814, 2.3622 -6.3218 0.0794, 2.3622 -6.3343 0.0746, 2.3622 -6.3378 0.0726, 2.3622 -6.3378 0.0563, 2.3622 -6.3274 0.0631, 2.3622 -6.3169 0.0667, 2.3622 -6.3065 0.0679, 2.3622 -6.3009 0.0673, 2.3622 -6.297 0.0659, 2.3622 -6.294 0.064, 2.3622 -6.2915 0.0613, 2.3622 -6.2896 0.0579, 2.3622 -6.2878 0.0519, 2.3622 -6.2872 0.0445, 2.3622 -6.3155 0.0406, 2.3622 -6.3282 0.0374, 2.3622 -6.3353 0.0338, 2.3622 -6.3404 0.0293, 2.3622 -6.3437 0.0246, 2.3622 -6.346 0.0187, 2.3622 -6.3471 0.0114, 2.3622 -6.3471 0.0095, 2.3622 -6.3463 0.0019, 2.3622 -6.3443 -0.0038, 2.3622 -6.3408 -0.0089, 2.3622 -6.3389 -0.0108, 2.3622 -6.3169 -0.0183, 2.3622 -6.3266 -0.0172, 2.3622 -6.3269 -0.0171, 2.3622 -6.3333 -0.0147, 2.3622 -6.3082 -0.0173, 2.3622 -6.3078 -0.0172, 2.3622 -6.3015 -0.0149, 2.3622 -6.2956 -0.011, 2.3622 -6.2903 -0.0054, 2.3622 -6.2877 -0.0013, 2.3622 -6.2872 -0.0013, 2.3622 -6.2872 -0.0161, 2.3622 -6.2705 -0.0161, 2.3622 -6.2705 0.0453, 2.3622 -6.2719 0.0582, 2.3622 -6.2745 0.0657, 2.3622 -6.278 0.0711, 2.3622 -6.2824 0.0753, 2.3622 -6.288 0.0785, 2.3622 -6.2951 0.0806, 2.3622 -6.3257 0.0229, 2.3622 -6.3236 0.0245, 2.3622 -6.3197 0.0264, 2.3622 -6.3096 0.0288, 2.3622 -6.3302 0.0108, 2.3622 -6.33 0.0135, 2.3622 -6.3292 0.0173, 2.3622 -6.3277 0.0204, 2.3622 -6.3253 -0.0003, 2.3622 -6.3267 0.0011, 2.3622 -6.3286 0.004, 2.3622 -6.3297 0.007, 2.3622 -6.3126 -0.0046, 2.3622 -6.3182 -0.004, 2.3622 -6.322 -0.0026, 2.3622 -6.2944 0.0032, 2.3622 -6.2965 0.0011, 2.3622 -6.3012 -0.002, 2.3622 -6.3063 -0.0039, 2.3622 -6.2872 0.0226, 2.3622 -6.2873 0.0215, 2.3622 -6.2883 0.0141, 2.3622 -6.2908 0.0081, 2.3622 -6.2872 0.0318
            ]
        }
        coordIndex [
            0,1,2,-1,2,1,3,-1,4,0,5,-1,5,0,2,-1,6,4,7,-1,7,4,5,-1,8,6,9,-1,9,6,7,-1,10,8,11,-1,11,8,9,-1,12,10,13,-1,13,10,11,-1,14,12,15,-1,15,12,13,-1,16,14,17,-1,17,14,15,-1,18,16,19,-1,19,16,17,-1,20,18,21,-1,21,18,19,-1,22,20,23,-1,23,20,21,-1,1,22,3,-1,3,22,23,-1,22,1,0,-1,0,4,22,-1,22,4,6,-1,22,6,20,-1,16,18,14,-1,14,18,20,-1,14,20,12,-1,12,20,6,-1,12,6,10,-1,10,6,8,-1,24,25,26,-1,27,28,29,-1,29,28,30,-1,31,32,25,-1,25,32,28,-1,25,28,26,-1,26,28,27,-1,33,34,35,-1,26,36,24,-1,24,36,37,-1,24,37,38,-1,38,37,39,-1,38,39,40,-1,40,39,41,-1,40,41,42,-1,42,41,43,-1,42,43,44,-1,44,43,45,-1,44,45,46,-1,46,45,47,-1,46,47,48,-1,48,47,49,-1,48,49,50,-1,50,49,51,-1,50,51,52,-1,52,51,53,-1,35,34,54,-1,54,34,55,-1,54,55,56,-1,56,55,57,-1,56,57,58,-1,57,59,58,-1,58,59,60,-1,58,60,61,-1,61,60,62,-1,61,62,63,-1,35,64,33,-1,33,64,65,-1,33,65,66,-1,66,65,67,-1,66,67,68,-1,68,67,69,-1,68,69,70,-1,70,69,71,-1,70,71,53,-1,53,71,72,-1,53,72,52,-1,73,74,75,-1,75,74,76,-1,75,76,77,-1,77,76,78,-1,77,78,79,-1,79,78,80,-1,79,80,81,-1,81,80,82,-1,81,82,83,-1,83,82,84,-1,83,84,85,-1,85,84,86,-1,85,86,87,-1,87,86,88,-1,87,88,89,-1,89,88,90,-1,89,90,91,-1,91,90,92,-1,91,92,28,-1,28,92,63,-1,28,63,30,-1,30,63,62,-1,79,93,94,-1,79,94,77,-1,77,94,95,-1,77,95,75,-1,75,95,96,-1,75,96,73,-1,74,73,97,-1,97,73,96,-1,74,97,98,-1,74,98,76,-1,76,98,99,-1,76,99,78,-1,78,99,100,-1,78,100,80,-1,80,100,101,-1,80,101,82,-1,82,101,102,-1,82,102,84,-1,84,102,103,-1,84,103,86,-1,86,103,104,-1,86,104,88,-1,88,104,105,-1,88,105,90,-1,90,105,106,-1,90,106,92,-1,92,106,107,-1,92,107,63,-1,61,63,108,-1,108,63,107,-1,61,108,109,-1,61,109,58,-1,58,109,110,-1,58,110,56,-1,56,110,111,-1,56,111,54,-1,54,111,112,-1,54,112,35,-1,35,112,113,-1,35,113,64,-1,64,113,114,-1,64,114,65,-1,65,114,115,-1,65,115,67,-1,67,115,116,-1,67,116,69,-1,69,116,117,-1,69,117,71,-1,71,117,118,-1,71,118,72,-1,72,118,119,-1,72,119,52,-1,120,46,121,-1,121,46,48,-1,121,48,122,-1,122,48,50,-1,122,50,123,-1,123,50,52,-1,123,52,119,-1,46,120,124,-1,46,124,44,-1,44,124,125,-1,44,125,42,-1,125,126,42,-1,42,126,127,-1,42,127,40,-1,40,127,128,-1,40,128,38,-1,38,128,129,-1,38,129,24,-1,25,24,130,-1,130,24,129,-1,31,25,131,-1,131,25,130,-1,32,31,132,-1,132,31,131,-1,28,32,133,-1,133,32,132,-1,28,133,134,-1,28,134,91,-1,91,134,135,-1,91,135,89,-1,89,135,136,-1,89,136,87,-1,87,136,137,-1,87,137,85,-1,85,137,138,-1,85,138,83,-1,83,138,139,-1,83,139,81,-1,81,139,93,-1,81,93,79,-1,57,140,141,-1,57,141,59,-1,59,141,142,-1,59,142,60,-1,60,142,143,-1,60,143,62,-1,66,144,145,-1,66,145,33,-1,33,145,146,-1,33,146,34,-1,34,146,147,-1,34,147,55,-1,55,147,140,-1,55,140,57,-1,51,148,149,-1,51,149,53,-1,53,149,150,-1,53,150,70,-1,70,150,151,-1,70,151,68,-1,68,151,144,-1,68,144,66,-1,45,152,153,-1,45,153,47,-1,47,153,154,-1,47,154,49,-1,49,154,148,-1,49,148,51,-1,37,155,156,-1,37,156,39,-1,39,156,157,-1,39,157,41,-1,41,157,158,-1,41,158,43,-1,43,158,152,-1,43,152,45,-1,29,159,160,-1,29,160,27,-1,27,160,161,-1,27,161,26,-1,26,161,162,-1,26,162,36,-1,36,162,155,-1,36,155,37,-1,29,30,159,-1,159,30,163,-1,30,62,163,-1,163,62,143,-1,
        ]
    }
}
Shape{
    appearance Appearance {
        material  Material 	{
            diffuseColor 0.7529411764705882 0.7529411764705882 0.7529411764705882
            specularColor 0.3764705882352941 0.3764705882352941 0.3764705882352941
            ambientIntensity 0.7529
            transparency 0.0
            shininess 0.5
        }
    }
    geometry IndexedFaceSet {
        ccw TRUE
        solid FALSE
        coord DEF co Coordinate {
            point [
                2.3622 -6.2873 0.0215, 2.3622 -6.2872 0.0226, 2.3622 -6.3257 0.0229, 2.3622 -6.2872 0.0318, 2.3622 -6.3096 0.0288, 2.3622 -6.3197 0.0264, 2.3622 -6.3236 0.0245, 2.3622 -6.2883 0.0141, 2.3622 -6.3277 0.0204, 2.3622 -6.2908 0.0081, 2.3622 -6.3267 0.0011, 2.3622 -6.3253 -0.0003, 2.3622 -6.2965 0.0011, 2.3622 -6.3286 0.004, 2.3622 -6.3012 -0.002, 2.3622 -6.3063 -0.0039, 2.3622 -6.3126 -0.0046, 2.3622 -6.3292 0.0173, 2.3622 -6.33 0.0135, 2.3622 -6.2944 0.0032, 2.3622 -6.3302 0.0108, 2.3622 -6.3297 0.007, 2.3622 -6.322 -0.0026, 2.3622 -6.3182 -0.004
            ]
        }
        coordIndex [
            0,1,2,-1,1,3,4,-1,4,5,1,-1,1,5,6,-1,1,6,2,-1,0,2,7,-1,7,2,8,-1,7,8,9,-1,10,11,12,-1,10,12,13,-1,14,12,15,-1,15,12,16,-1,8,17,9,-1,9,17,18,-1,9,18,19,-1,19,18,20,-1,19,20,12,-1,12,20,21,-1,12,21,13,-1,11,22,12,-1,12,22,23,-1,12,23,16,-1,
        ]
    }
}
Shape{
    appearance Appearance {
        material  Material 	{
            diffuseColor 0.0 0.0 0.0
            specularColor 0.0 0.0 0.0
            ambientIntensity 0.0
            transparency 0.0
            shininess 0.5
        }
    }
    geometry IndexedFaceSet {
        ccw TRUE
        solid FALSE
        coord DEF co Coordinate {
            point [
                2.3622 -6.2479 0.0046, 2.3661 -6.2479 0.0046, 2.3661 -6.2417 0.0007, 2.3661 -6.2204 -0.0047, 2.3622 -6.2204 -0.0047, 2.3622 -6.2313 -0.0033, 2.3661 -6.2313 -0.0033, 2.3622 -6.2401 0.0001, 2.3622 -6.2417 0.0007, 2.3661 -6.2479 -0.0127, 2.3622 -6.2479 -0.0127, 2.3661 -6.2371 -0.0166, 2.3622 -6.2401 -0.0155, 2.3622 -6.222 -0.0183, 2.3661 -6.222 -0.0183, 2.3622 -6.2321 -0.0172, 2.3622 -6.2371 -0.0166, 2.3622 -6.211 -0.0172, 2.3661 -6.2087 -0.0169, 2.3622 -6.2087 -0.0169, 2.3622 -6.1995 -0.0138, 2.3661 -6.1995 -0.0138, 2.3622 -6.1943 -0.0107, 2.3661 -6.1943 -0.0107, 2.3622 -6.1895 -0.0065, 2.3661 -6.1895 -0.0065, 2.3622 -6.1864 -0.0021, 2.3661 -6.1864 -0.0021, 2.3622 -6.1843 0.0032, 2.3661 -6.1843 0.0032, 2.3622 -6.1835 0.0099, 2.3661 -6.1835 0.0099, 2.3622 -6.1842 0.0161, 2.3661 -6.1842 0.0161, 2.3622 -6.186 0.021, 2.3661 -6.186 0.021, 2.3622 -6.1891 0.0256, 2.3661 -6.1891 0.0256, 2.3622 -6.1931 0.0292, 2.3661 -6.1931 0.0292, 2.3622 -6.2042 0.0354, 2.3661 -6.2042 0.0354, 2.3622 -6.2107 0.038, 2.3661 -6.2107 0.038, 2.3622 -6.221 0.0425, 2.3661 -6.221 0.0425, 2.3622 -6.2269 0.0462, 2.3661 -6.2269 0.0462, 2.3622 -6.2285 0.048, 2.3661 -6.2285 0.048, 2.3622 -6.2297 0.0502, 2.3661 -6.2297 0.0502, 2.3622 -6.2304 0.0528, 2.3661 -6.2304 0.0528, 2.3622 -6.2305 0.055, 2.3661 -6.2305 0.055, 2.3622 -6.2302 0.0577, 2.3661 -6.2302 0.0577, 2.3622 -6.2294 0.06, 2.3661 -6.2294 0.06, 2.3622 -6.228 0.0621, 2.3661 -6.228 0.0621, 2.3622 -6.2255 0.0643, 2.3661 -6.2255 0.0643, 2.3622 -6.2217 0.0663, 2.3661 -6.2217 0.0663, 2.3622 -6.2172 0.0675, 2.3661 -6.2172 0.0675, 2.3622 -6.2123 0.0679, 2.3661 -6.2123 0.0679, 2.3622 -6.201 0.0665, 2.3661 -6.201 0.0665, 2.3622 -6.1916 0.063, 2.3661 -6.1916 0.063, 2.3622 -6.1881 0.061, 2.3661 -6.1881 0.061, 2.3661 -6.1881 0.0772, 2.3622 -6.1881 0.0772, 2.3622 -6.1995 0.0805, 2.3661 -6.1995 0.0805, 2.3622 -6.2107 0.0814, 2.3661 -6.2107 0.0814, 2.3622 -6.223 0.0801, 2.3661 -6.223 0.0801, 2.3622 -6.2321 0.0768, 2.3661 -6.2321 0.0768, 2.3622 -6.2371 0.0739, 2.3661 -6.2371 0.0739, 2.3661 -6.242 0.0694, 2.3622 -6.2401 0.0711, 2.3622 -6.242 0.0694, 2.3622 -6.2451 0.0649, 2.3661 -6.2451 0.0649, 2.3622 -6.2471 0.0595, 2.3661 -6.2471 0.0595, 2.3622 -6.2478 0.0535, 2.3661 -6.2478 0.0535, 2.3622 -6.2471 0.047, 2.3661 -6.2471 0.047, 2.3622 -6.2452 0.0419, 2.3661 -6.2452 0.0419, 2.3622 -6.243 0.0385, 2.3661 -6.243 0.0385, 2.3622 -6.2225 0.0258, 2.3661 -6.2225 0.0258, 2.3661 -6.2324 0.0304, 2.3622 -6.2403 0.0356, 2.3661 -6.2403 0.0356, 2.3622 -6.2401 0.0355, 2.3622 -6.2324 0.0304, 2.3622 -6.2115 0.0212, 2.3661 -6.2115 0.0212, 2.3622 -6.205 0.0173, 2.3661 -6.205 0.0173, 2.3622 -6.2029 0.0151, 2.3661 -6.2029 0.0151, 2.3622 -6.2016 0.0129, 2.3661 -6.2016 0.0129, 2.3622 -6.2008 0.0103, 2.3661 -6.2008 0.0103, 2.3622 -6.2007 0.0082, 2.3661 -6.2007 0.0082, 2.3622 -6.201 0.005, 2.3661 -6.201 0.005, 2.3622 -6.2019 0.0027, 2.3661 -6.2019 0.0027, 2.3622 -6.2033 0.0005, 2.3661 -6.2033 0.0005, 2.3622 -6.2052 -0.0012, 2.3661 -6.2052 -0.0012, 2.3622 -6.2068 -0.0021, 2.3661 -6.2068 -0.0021, 2.3622 -6.2111 -0.0037, 2.3661 -6.2111 -0.0037, 2.3622 -6.2196 -0.0047, 2.3661 -6.2196 -0.0047, 2.3661 -6.1006 0.0793, 2.3661 -6.0833 0.0793, 2.3622 -6.1006 0.0793, 2.3622 -6.0833 0.0793, 2.3661 -6.1267 0.0075, 2.3622 -6.1267 0.0075, 2.3622 -6.128 0.003, 2.3661 -6.128 0.003, 2.3622 -6.1287 -0.0002, 2.3661 -6.1287 -0.0002, 2.3661 -6.1292 -0.0002, 2.3622 -6.1292 -0.0002, 2.3661 -6.1312 0.0076, 2.3622 -6.1312 0.0076, 2.3622 -6.1561 0.0793, 2.3661 -6.1561 0.0793, 2.3622 -6.148 0.0561, 2.3661 -6.1748 0.0793, 2.3622 -6.1748 0.0793, 2.3622 -6.1374 -0.0158, 2.3661 -6.1374 -0.0158, 2.3622 -6.148 0.0112, 2.3622 -6.1448 -0.0332, 2.3661 -6.1448 -0.0332, 2.3622 -6.138 -0.0172, 2.3622 -6.148 -0.0392, 2.3622 -6.148 -0.0392, 2.3661 -6.1511 -0.0427, 2.3661 -6.148 -0.0392, 2.3622 -6.1511 -0.0427, 2.3622 -6.1542 -0.0448, 2.3661 -6.1542 -0.0448, 2.3622 -6.1578 -0.0462, 2.3661 -6.1578 -0.0462, 2.3622 -6.1619 -0.0466, 2.3661 -6.1619 -0.0466, 2.3622 -6.1679 -0.0458, 2.3661 -6.1679 -0.0458, 2.3622 -6.1714 -0.0447, 2.3661 -6.1714 -0.0447, 2.3661 -6.1714 -0.0596, 2.3622 -6.1714 -0.0596, 2.3622 -6.1643 -0.0608, 2.3661 -6.1643 -0.0608, 2.3622 -6.1606 -0.0609, 2.3661 -6.1606 -0.0609, 2.3622 -6.1538 -0.0602, 2.3661 -6.1538 -0.0602, 2.3622 -6.148 -0.058, 2.3661 -6.1472 -0.0577, 2.3622 -6.1472 -0.0577, 2.3622 -6.1414 -0.0536, 2.3661 -6.1414 -0.0536, 2.3622 -6.1403 -0.0525, 2.3661 -6.1403 -0.0525, 2.3622 -6.1341 -0.0452, 2.3661 -6.1341 -0.0452, 2.3622 -6.1266 -0.0304, 2.3661 -6.1266 -0.0304, 2.3622 -6.1213 -0.0172, 2.3661 -5.9935 -0.0008, 2.3661 -5.9935 -0.0161, 2.3622 -5.9935 -0.0008, 2.3622 -5.9935 -0.0161, 2.3622 -6.0481 -0.0008, 2.3661 -6.0481 -0.0008, 2.3622 -6.0231 -0.0008, 2.3661 -6.0481 0.0441, 2.3622 -6.0481 0.0441, 2.3622 -6.0004 0.0441, 2.3661 -6.0004 0.0441, 2.3622 -6.0231 0.0441, 2.3661 -6.0004 0.0593, 2.3622 -6.0004 0.0593, 2.3622 -6.0481 0.0593, 2.3661 -6.0481 0.0593, 2.3622 -6.0231 0.0593, 2.3661 -6.0481 0.102, 2.3622 -6.0481 0.102, 2.3622 -5.9966 0.102, 2.3661 -5.9966 0.102, 2.3622 -6.0231 0.102, 2.3661 -5.9966 0.1174, 2.3622 -5.9966 0.1174, 2.3622 -6.0653 0.1174, 2.3661 -6.0653 0.1174, 2.3622 -6.0231 0.1174, 2.3661 -6.0653 -0.0161, 2.3622 -6.0653 -0.0161, 2.3622 -6.0231 -0.0161, 2.3661 -5.8854 0.0214, 2.3661 -5.892 0.0131, 2.3661 -5.8798 0.0026, 2.3661 -5.8937 0.0116, 2.3661 -5.8938 -0.0074, 2.3661 -5.9023 0.0056, 2.3661 -5.9091 -0.0133, 2.3661 -5.9134 0.0013, 2.3661 -5.9316 -0.0161, 2.3661 -5.9317 -0.0008, 2.3661 -5.9683 -0.0161, 2.3661 -5.9511 -0.0008, 2.3661 -5.9683 0.1174, 2.3661 -5.9511 0.102, 2.3661 -5.9303 0.1174, 2.3661 -5.9309 0.102, 2.3661 -5.9099 0.1151, 2.3661 -5.9132 0.1, 2.3661 -5.8938 0.1093, 2.3661 -5.9017 0.0957, 2.3661 -5.8798 0.0997, 2.3661 -5.8924 0.0895, 2.3661 -5.875 0.0951, 2.3661 -5.8886 0.0857, 2.3661 -5.8668 0.0834, 2.3661 -5.8835 0.0782, 2.3661 -5.8619 0.0707, 2.3661 -5.8797 0.0685, 2.3661 -5.8597 0.0524, 2.3661 -5.8778 0.0519, 2.3661 -5.8604 0.0412, 2.3661 -5.8782 0.0435, 2.3661 -5.8641 0.026, 2.3661 -5.8808 0.0313, 2.3661 -5.8712 0.0125, 2.3622 -5.9316 -0.0161, 2.3622 -5.9683 -0.0161, 2.3622 -5.9091 -0.0133, 2.3622 -5.8938 -0.0074, 2.3622 -5.8798 0.0026, 2.3622 -5.8712 0.0125, 2.3622 -5.8641 0.026, 2.3622 -5.8604 0.0412, 2.3622 -5.8597 0.0524, 2.3622 -5.8619 0.0707, 2.3622 -5.8668 0.0834, 2.3622 -5.875 0.0951, 2.3622 -5.8798 0.0997, 2.3622 -5.8938 0.1093, 2.3622 -5.9099 0.1151, 2.3622 -5.9303 0.1174, 2.3622 -5.9683 0.1174, 2.3622 -5.9309 0.102, 2.3622 -5.9511 0.102, 2.3622 -5.9511 -0.0008, 2.3622 -5.9317 -0.0008, 2.3622 -5.892 0.0131, 2.3622 -5.8937 0.0116, 2.3622 -5.9023 0.0056, 2.3622 -5.9134 0.0013, 2.3622 -5.8778 0.0519, 2.3622 -5.8782 0.0435, 2.3622 -5.8808 0.0313, 2.3622 -5.8854 0.0214, 2.3622 -5.8924 0.0895, 2.3622 -5.8886 0.0857, 2.3622 -5.8835 0.0782, 2.3622 -5.8797 0.0685, 2.3622 -5.9132 0.1, 2.3622 -5.9017 0.0957
            ]
        }
        coordIndex [
            0,1,2,-1,3,4,5,-1,3,5,6,-1,6,5,7,-1,6,7,2,-1,2,7,8,-1,2,8,0,-1,9,1,10,-1,10,1,0,-1,9,10,11,-1,11,10,12,-1,13,14,15,-1,15,14,11,-1,15,11,16,-1,16,11,12,-1,13,17,14,-1,14,17,18,-1,17,19,18,-1,18,19,20,-1,18,20,21,-1,21,20,22,-1,21,22,23,-1,23,22,24,-1,23,24,25,-1,25,24,26,-1,25,26,27,-1,27,26,28,-1,27,28,29,-1,29,28,30,-1,29,30,31,-1,31,30,32,-1,31,32,33,-1,33,32,34,-1,33,34,35,-1,35,34,36,-1,35,36,37,-1,37,36,38,-1,37,38,39,-1,39,38,40,-1,39,40,41,-1,41,40,42,-1,41,42,43,-1,43,42,44,-1,43,44,45,-1,45,44,46,-1,45,46,47,-1,47,46,48,-1,47,48,49,-1,49,48,50,-1,49,50,51,-1,51,50,52,-1,51,52,53,-1,53,52,54,-1,53,54,55,-1,55,54,56,-1,55,56,57,-1,57,56,58,-1,57,58,59,-1,59,58,60,-1,59,60,61,-1,61,60,62,-1,61,62,63,-1,63,62,64,-1,63,64,65,-1,65,64,66,-1,65,66,67,-1,67,66,68,-1,67,68,69,-1,69,68,70,-1,69,70,71,-1,71,70,72,-1,71,72,73,-1,73,72,74,-1,73,74,75,-1,76,75,77,-1,77,75,74,-1,76,77,78,-1,76,78,79,-1,79,78,80,-1,79,80,81,-1,81,80,82,-1,81,82,83,-1,83,82,84,-1,83,84,85,-1,85,84,86,-1,85,86,87,-1,87,86,88,-1,88,86,89,-1,89,90,88,-1,88,90,91,-1,88,91,92,-1,92,91,93,-1,92,93,94,-1,94,93,95,-1,94,95,96,-1,96,95,97,-1,96,97,98,-1,98,97,99,-1,98,99,100,-1,100,99,101,-1,100,101,102,-1,103,104,105,-1,102,101,106,-1,102,106,107,-1,107,106,108,-1,107,108,105,-1,105,108,109,-1,105,109,103,-1,104,103,110,-1,104,110,111,-1,111,110,112,-1,111,112,113,-1,113,112,114,-1,113,114,115,-1,115,114,116,-1,115,116,117,-1,117,116,118,-1,117,118,119,-1,119,118,120,-1,119,120,121,-1,121,120,122,-1,121,122,123,-1,123,122,124,-1,123,124,125,-1,125,124,126,-1,125,126,127,-1,127,126,128,-1,127,128,129,-1,129,128,130,-1,129,130,131,-1,131,130,132,-1,131,132,133,-1,133,132,134,-1,133,134,135,-1,135,134,4,-1,135,4,3,-1,61,63,85,-1,85,63,83,-1,111,43,104,-1,104,43,45,-1,21,23,127,-1,127,23,25,-1,127,25,125,-1,125,25,27,-1,125,27,123,-1,123,27,29,-1,123,29,121,-1,121,29,31,-1,121,31,119,-1,119,31,33,-1,119,33,117,-1,117,33,35,-1,117,35,115,-1,115,35,37,-1,115,37,113,-1,113,37,39,-1,113,39,111,-1,111,39,41,-1,111,41,43,-1,14,3,11,-1,11,3,6,-1,11,6,9,-1,9,6,2,-1,9,2,1,-1,63,65,83,-1,83,65,67,-1,83,67,81,-1,81,67,69,-1,81,69,79,-1,79,69,71,-1,79,71,76,-1,76,71,73,-1,76,73,75,-1,127,129,21,-1,21,129,131,-1,21,131,18,-1,18,131,133,-1,18,133,14,-1,14,133,135,-1,14,135,3,-1,85,87,61,-1,61,87,88,-1,61,88,59,-1,59,88,92,-1,59,92,57,-1,57,92,94,-1,57,94,55,-1,55,94,96,-1,55,96,53,-1,53,96,98,-1,53,98,51,-1,51,98,100,-1,51,100,49,-1,49,100,102,-1,49,102,47,-1,47,102,107,-1,47,107,45,-1,45,107,105,-1,45,105,104,-1,136,137,138,-1,138,137,139,-1,140,136,141,-1,141,136,138,-1,140,141,142,-1,140,142,143,-1,143,142,144,-1,143,144,145,-1,146,145,147,-1,147,145,144,-1,148,146,149,-1,149,146,147,-1,150,151,152,-1,152,151,148,-1,152,148,149,-1,153,151,154,-1,154,151,150,-1,155,156,157,-1,157,156,153,-1,157,153,154,-1,158,159,160,-1,160,159,156,-1,160,156,155,-1,159,158,161,-1,162,163,161,-1,161,163,164,-1,161,164,159,-1,162,165,163,-1,163,165,166,-1,163,166,167,-1,167,166,168,-1,167,168,169,-1,169,168,170,-1,169,170,171,-1,171,170,172,-1,171,172,173,-1,173,172,174,-1,173,174,175,-1,176,175,177,-1,177,175,174,-1,176,177,178,-1,176,178,179,-1,179,178,180,-1,179,180,181,-1,181,180,182,-1,181,182,183,-1,183,182,184,-1,183,184,185,-1,184,186,185,-1,185,186,187,-1,185,187,188,-1,188,187,189,-1,188,189,190,-1,190,189,191,-1,190,191,192,-1,192,191,193,-1,192,193,194,-1,139,137,195,-1,195,137,194,-1,195,194,193,-1,143,145,194,-1,137,136,194,-1,194,136,140,-1,194,140,143,-1,151,153,148,-1,148,153,156,-1,148,156,146,-1,175,176,173,-1,173,176,179,-1,173,179,171,-1,171,179,181,-1,171,181,169,-1,169,181,183,-1,169,183,167,-1,167,183,185,-1,167,185,163,-1,192,164,190,-1,190,164,163,-1,190,163,188,-1,188,163,185,-1,145,146,194,-1,194,146,156,-1,194,156,192,-1,192,156,159,-1,192,159,164,-1,196,197,198,-1,198,197,199,-1,200,201,202,-1,202,201,196,-1,202,196,198,-1,203,201,204,-1,204,201,200,-1,205,206,207,-1,207,206,203,-1,207,203,204,-1,208,206,209,-1,209,206,205,-1,210,211,212,-1,212,211,208,-1,212,208,209,-1,213,211,214,-1,214,211,210,-1,215,216,217,-1,217,216,213,-1,217,213,214,-1,218,216,219,-1,219,216,215,-1,220,221,222,-1,222,221,218,-1,222,218,219,-1,223,221,224,-1,224,221,220,-1,199,197,225,-1,225,197,223,-1,225,223,224,-1,216,218,213,-1,213,218,221,-1,213,221,211,-1,197,196,223,-1,223,196,201,-1,223,201,203,-1,206,208,203,-1,203,208,211,-1,203,211,223,-1,223,211,221,-1,226,227,228,-1,228,227,229,-1,228,229,230,-1,230,229,231,-1,230,231,232,-1,232,231,233,-1,232,233,234,-1,234,233,235,-1,234,235,236,-1,236,235,237,-1,236,237,238,-1,238,237,239,-1,238,239,240,-1,240,239,241,-1,240,241,242,-1,242,241,243,-1,242,243,244,-1,244,243,245,-1,244,245,246,-1,246,245,247,-1,246,247,248,-1,248,247,249,-1,248,249,250,-1,250,249,251,-1,250,251,252,-1,252,251,253,-1,252,253,254,-1,254,253,255,-1,254,255,256,-1,256,255,257,-1,256,257,258,-1,258,257,259,-1,258,259,260,-1,260,259,226,-1,260,226,228,-1,234,236,261,-1,261,236,262,-1,234,261,263,-1,234,263,232,-1,232,263,264,-1,232,264,230,-1,230,264,265,-1,230,265,228,-1,228,265,266,-1,228,266,260,-1,260,266,267,-1,260,267,258,-1,258,267,268,-1,258,268,256,-1,256,268,269,-1,256,269,254,-1,254,269,270,-1,254,270,252,-1,252,270,271,-1,252,271,250,-1,250,271,272,-1,250,272,248,-1,248,272,273,-1,248,273,246,-1,246,273,274,-1,246,274,244,-1,244,274,275,-1,244,275,242,-1,242,275,276,-1,242,276,240,-1,238,240,277,-1,277,240,276,-1,236,238,262,-1,262,238,277,-1,241,239,278,-1,278,239,279,-1,239,237,279,-1,279,237,280,-1,237,235,280,-1,280,235,281,-1,227,282,283,-1,227,283,229,-1,229,283,284,-1,229,284,231,-1,231,284,285,-1,231,285,233,-1,233,285,281,-1,233,281,235,-1,255,286,287,-1,255,287,257,-1,257,287,288,-1,257,288,259,-1,259,288,289,-1,259,289,226,-1,226,289,282,-1,226,282,227,-1,247,290,291,-1,247,291,249,-1,249,291,292,-1,249,292,251,-1,251,292,293,-1,251,293,253,-1,253,293,286,-1,253,286,255,-1,241,278,294,-1,241,294,243,-1,243,294,295,-1,243,295,245,-1,245,295,290,-1,245,290,247,-1,
        ]
    }
}
Shape{
    appearance Appearance {
        material  Material 	{
            diffuseColor 0.7529411764705882 0.7529411764705882 0.7529411764705882
            specularColor 0.3764705882352941 0.3764705882352941 0.3764705882352941
            ambientIntensity 0.7529
            transparency 0.0
            shininess 0.5
        }
    }
    geometry IndexedFaceSet {
        ccw TRUE
        solid FALSE
        coord DEF co Coordinate {
            point [
                2.3622 -5.9511 0.102, 2.3622 -5.9511 -0.0008, 2.3622 -5.9309 0.102, 2.3622 -5.9317 -0.0008, 2.3622 -5.9134 0.0013, 2.3622 -5.9023 0.0056, 2.3622 -5.8937 0.0116, 2.3622 -5.892 0.0131, 2.3622 -5.8854 0.0214, 2.3622 -5.8808 0.0313, 2.3622 -5.8778 0.0519, 2.3622 -5.8924 0.0895, 2.3622 -5.9017 0.0957, 2.3622 -5.8797 0.0685, 2.3622 -5.8835 0.0782, 2.3622 -5.8886 0.0857, 2.3622 -5.8782 0.0435, 2.3622 -5.9132 0.1
            ]
        }
        coordIndex [
            0,1,2,-1,2,1,3,-1,3,4,2,-1,2,4,5,-1,2,5,6,-1,6,7,2,-1,2,7,8,-1,2,8,9,-1,10,11,12,-1,13,14,10,-1,10,14,15,-1,10,15,11,-1,9,16,2,-1,2,16,10,-1,2,10,17,-1,17,10,12,-1,
        ]
    }
}
Shape{
    appearance Appearance {
        material  Material 	{
            diffuseColor 0.0 0.0 0.0
            specularColor 0.0 0.0 0.0
            ambientIntensity 0.0
            transparency 0.0
            shininess 0.5
        }
    }
    geometry IndexedFaceSet {
        ccw TRUE
        solid FALSE
        coord DEF co Coordinate {
            point [
                2.3661 -5.815 0.0355, 2.3661 -5.8204 0.0204, 2.3661 -5.7702 0.0355, 2.3661 -5.7648 0.0204, 2.3661 -5.795 0.091, 2.3661 -5.8014 0.1174, 2.3661 -5.8523 -0.0161, 2.3661 -5.8332 -0.0161, 2.3661 -5.7938 0.095, 2.3661 -5.7928 0.1003, 2.3661 -5.783 0.1174, 2.3661 -5.7924 0.1003, 2.3661 -5.7913 0.0947, 2.3661 -5.7903 0.091, 2.3661 -5.7322 -0.0161, 2.3661 -5.7512 -0.0161, 2.3622 -5.783 0.1174, 2.3622 -5.7322 -0.0161, 2.3622 -5.8014 0.1174, 2.3622 -5.8523 -0.0161, 2.3622 -5.8332 -0.0161, 2.3622 -5.8204 0.0204, 2.3622 -5.7648 0.0204, 2.3622 -5.7512 -0.0161, 2.3622 -5.815 0.0355, 2.3622 -5.7702 0.0355, 2.3622 -5.7903 0.091, 2.3622 -5.7924 0.1003, 2.3622 -5.7913 0.0947, 2.3622 -5.7928 0.1003, 2.3622 -5.795 0.091, 2.3622 -5.7938 0.095
            ]
        }
        coordIndex [
            0,1,2,-1,2,1,3,-1,4,5,0,-1,0,5,6,-1,0,6,1,-1,1,6,7,-1,4,8,5,-1,5,8,9,-1,5,9,10,-1,10,9,11,-1,10,11,12,-1,12,13,10,-1,10,13,2,-1,10,2,14,-1,14,2,3,-1,14,3,15,-1,10,14,16,-1,16,14,17,-1,5,10,18,-1,18,10,16,-1,6,5,19,-1,19,5,18,-1,7,6,20,-1,20,6,19,-1,1,7,21,-1,21,7,20,-1,3,1,22,-1,22,1,21,-1,15,3,23,-1,23,3,22,-1,14,15,17,-1,17,15,23,-1,0,2,24,-1,24,2,25,-1,2,13,25,-1,25,13,26,-1,11,27,28,-1,11,28,12,-1,12,28,26,-1,12,26,13,-1,11,9,27,-1,27,9,29,-1,4,30,31,-1,4,31,8,-1,8,31,29,-1,8,29,9,-1,4,0,30,-1,30,0,24,-1,
        ]
    }
}
Shape{
    appearance Appearance {
        material  Material 	{
            diffuseColor 0.7529411764705882 0.7529411764705882 0.7529411764705882
            specularColor 0.3764705882352941 0.3764705882352941 0.3764705882352941
            ambientIntensity 0.7529
            transparency 0.0
            shininess 0.5
        }
    }
    geometry IndexedFaceSet {
        ccw TRUE
        solid FALSE
        coord DEF co Coordinate {
            point [
                2.3622 -5.7924 0.1003, 2.3622 -5.7928 0.1003, 2.3622 -5.7913 0.0947, 2.3622 -5.7938 0.095, 2.3622 -5.7903 0.091, 2.3622 -5.795 0.091, 2.3622 -5.7702 0.0355, 2.3622 -5.815 0.0355
            ]
        }
        coordIndex [
            0,1,2,-1,2,1,3,-1,2,3,4,-1,4,3,5,-1,4,5,6,-1,6,5,7,-1,
        ]
    }
}
Shape{
    appearance Appearance {
        material  Material 	{
            diffuseColor 0.0 0.0 0.0
            specularColor 0.0 0.0 0.0
            ambientIntensity 0.0
            transparency 0.0
            shininess 0.5
        }
    }
    geometry IndexedFaceSet {
        ccw TRUE
        solid FALSE
        coord DEF co Coordinate {
            point [
                2.3661 -7.0242 -0.035, 2.3661 -7.0101 -0.0524, 2.3661 -7.0328 0.049, 2.3661 -7.0493 0.2138, 2.3661 -7.0282 0.225, 2.3661 -7.0332 0.2834, 2.3661 -6.974 0.2862, 2.3661 -6.9446 0.2169, 2.3661 -6.9301 0.2469, 2.3661 -7.0535 0.0617, 2.3661 -7.0458 -0.011, 2.3661 -7.0338 -0.0146, 2.3661 -6.9958 0.2881, 2.3661 -6.9367 0.0509, 2.3661 -6.9279 0.0478, 2.3661 -6.8487 0.0252, 2.3661 -6.9202 0.0426, 2.3661 -6.9141 0.0358, 2.3661 -6.7159 0.0954, 2.3661 -6.7453 0.1457, 2.3661 -6.8725 0.0793, 2.3661 -6.9446 0.0518, 2.3661 -6.9539 0.0506, 2.3661 -6.9663 0.1088, 2.3661 -6.9621 0.0473, 2.3661 -6.9873 0.1008, 2.3661 -6.9696 0.0421, 2.3661 -7.0067 0.0873, 2.3661 -6.9733 0.0381, 2.3661 -7.0223 0.0693, 2.3661 -6.9782 0.0303, 2.3661 -6.981 0.0213, 2.3661 -6.9815 0.0121, 2.3661 -6.9092 0.1052, 2.3661 -6.9321 0.1109, 2.3661 -6.9436 0.1116, 2.3661 -6.91 0.028, 2.3661 -6.9078 0.0192, 2.3661 -6.8487 0.0157, 2.3661 -6.9078 0.0105, 2.3661 -6.8493 0.0058, 2.3661 -6.6846 0.1894, 2.3661 -6.677 0.1894, 2.3661 -6.6381 0.2406, 2.3661 -6.6589 0.1871, 2.3661 -6.6335 0.2391, 2.3661 -6.6424 0.1808, 2.3661 -6.6052 0.225, 2.3661 -6.5795 0.2033, 2.3661 -6.9545 0.3088, 2.3661 -6.9088 0.2723, 2.3661 -6.9322 0.3279, 2.3661 -6.8834 0.2909, 2.3661 -6.9076 0.343, 2.3661 -7.0048 0.2306, 2.3661 -6.9949 0.2311, 2.3661 -6.9849 0.2875, 2.3661 -6.9725 0.2284, 2.3661 -6.9513 0.2206, 2.3661 -6.8891 0.0944, 2.3661 -6.5793 0.0262, 2.3661 -6.6235 0.0639, 2.3661 -6.6051 0.0043, 2.3661 -6.6375 0.0524, 2.3661 -6.634 -0.0098, 2.3661 -6.6542 0.0446, 2.3661 -6.6656 -0.0165, 2.3661 -6.6713 0.0414, 2.3661 -6.7216 -0.0165, 2.3661 -6.714 0.0414, 2.3661 -6.7269 -0.0157, 2.3661 -6.9797 0.0032, 2.3661 -6.976 -0.0048, 2.3661 -6.6277 0.1705, 2.3661 -6.6168 0.1583, 2.3661 -6.5601 0.1763, 2.3661 -6.6079 0.142, 2.3661 -6.5485 0.1473, 2.3661 -6.6035 0.1237, 2.3661 -6.5442 0.1163, 2.3661 -6.603 0.1154, 2.3661 -6.5485 0.0825, 2.3661 -6.6053 0.0969, 2.3661 -6.5604 0.0524, 2.3661 -6.6118 0.08, 2.3661 -6.6223 0.0652, 2.3661 -6.6893 0.3156, 2.3661 -6.7265 0.272, 2.3661 -6.6578 0.279, 2.3661 -6.7051 0.2464, 2.3661 -6.6904 0.2159, 2.3661 -7.0869 0.1592, 2.3661 -7.1492 0.1434, 2.3661 -7.0897 0.1362, 2.3661 -7.1495 0.1343, 2.3661 -7.0886 0.1216, 2.3661 -7.1449 0.0972, 2.3661 -7.0818 0.0984, 2.3661 -7.1313 0.0619, 2.3661 -7.0705 0.0792, 2.3661 -7.1097 0.0309, 2.3661 -7.08 0.0057, 2.3661 -6.8548 -0.0176, 2.3661 -6.9101 0.0014, 2.3661 -6.8661 -0.0387, 2.3661 -6.9145 -0.0067, 2.3661 -6.8806 -0.055, 2.3661 -6.9196 -0.0125, 2.3661 -6.8995 -0.0682, 2.3661 -6.9269 -0.0177, 2.3661 -6.9206 -0.0763, 2.3661 -6.9351 -0.021, 2.3661 -6.9436 -0.0791, 2.3661 -6.9446 -0.0222, 2.3661 -6.9473 -0.0791, 2.3661 -6.9462 -0.0222, 2.3661 -6.9697 -0.0756, 2.3661 -6.9547 -0.0208, 2.3661 -6.9916 -0.0664, 2.3661 -6.9633 -0.0171, 2.3661 -6.9705 -0.0115, 2.3661 -6.8637 0.3595, 2.3661 -6.8524 0.3035, 2.3661 -6.8184 0.3649, 2.3661 -6.8174 0.308, 2.3661 -6.7761 0.3601, 2.3661 -6.7852 0.304, 2.3661 -6.7288 0.3425, 2.3661 -6.7555 0.2926, 2.3661 -6.7288 0.2741, 2.3661 -7.0683 0.2698, 2.3661 -7.0985 0.2486, 2.3661 -7.0656 0.1993, 2.3661 -7.1049 0.2425, 2.3661 -7.0788 0.1804, 2.3661 -7.1277 0.2133, 2.3661 -7.1429 0.1791, 2.3661 -6.7188 0.0422, 2.3661 -6.7416 -0.0066, 2.3661 -6.7394 -0.0088, 2.3661 -6.7159 0.0416, 2.3661 -6.7332 -0.0132, 2.3661 -6.7491 0.0129, 2.3661 -6.7482 0.0058, 2.3661 -6.7457 -0.0006, 2.3661 -6.7271 0.0414, 2.3661 -6.7336 0.0388, 2.3661 -6.7489 0.0166, 2.3661 -6.7394 0.0347, 2.3661 -6.7433 0.0303, 2.3661 -6.747 0.0239, 2.3661 -6.7197 0.0423, 2.3622 -6.5732 0.1945, 2.3622 -6.5601 0.1763, 2.3622 -6.5518 0.1554, 2.3622 -6.5485 0.1473, 2.3622 -6.5442 0.1163, 2.3622 -6.5795 0.2033, 2.3622 -6.6052 0.225, 2.3622 -6.6335 0.2391, 2.3622 -6.6381 0.2406, 2.3622 -6.6578 0.279, 2.3622 -6.6893 0.3156, 2.3622 -6.7108 0.3302, 2.3622 -6.7288 0.3425, 2.3622 -6.7761 0.3601, 2.3622 -6.8184 0.3649, 2.3622 -6.8637 0.3595, 2.3622 -6.9076 0.343, 2.3622 -6.9285 0.3302, 2.3622 -6.9322 0.3279, 2.3622 -6.9545 0.3088, 2.3622 -6.974 0.2862, 2.3622 -6.9849 0.2875, 2.3622 -6.9958 0.2881, 2.3622 -7.0332 0.2834, 2.3622 -7.0683 0.2698, 2.3622 -7.0985 0.2486, 2.3622 -7.1049 0.2425, 2.3622 -7.1495 0.1343, 2.3622 -7.1277 0.2133, 2.3622 -7.136 0.1945, 2.3622 -7.1429 0.1791, 2.3622 -7.1471 0.1554, 2.3622 -7.1492 0.1434, 2.3622 -7.1449 0.0972, 2.3622 -7.1313 0.0619, 2.3622 -7.1097 0.0309, 2.3622 -7.08 0.0057, 2.3622 -7.0458 -0.011, 2.3622 -7.0338 -0.0146, 2.3622 -7.0326 -0.0172, 2.3622 -7.0242 -0.035, 2.3622 -7.0101 -0.0524, 2.3622 -6.9916 -0.0664, 2.3622 -6.9829 -0.07, 2.3622 -6.9697 -0.0756, 2.3622 -6.9473 -0.0791, 2.3622 -6.9436 -0.0791, 2.3622 -6.8487 0.0157, 2.3622 -6.9206 -0.0763, 2.3622 -6.9043 -0.07, 2.3622 -6.8995 -0.0682, 2.3622 -6.8806 -0.055, 2.3622 -6.8661 -0.0387, 2.3622 -6.8548 -0.0176, 2.3622 -6.8547 -0.0172, 2.3622 -6.8493 0.0058, 2.3622 -6.8487 0.0252, 2.3622 -6.7159 0.0954, 2.3622 -6.7453 0.1457, 2.3622 -6.8725 0.0793, 2.3622 -6.8891 0.0944, 2.3622 -6.9092 0.1052, 2.3622 -6.9321 0.1109, 2.3622 -6.9436 0.1116, 2.3622 -6.9663 0.1088, 2.3622 -6.9873 0.1008, 2.3622 -7.0067 0.0873, 2.3622 -7.0223 0.0693, 2.3622 -7.0328 0.049, 2.3622 -7.0535 0.0617, 2.3622 -7.0705 0.0792, 2.3622 -7.0818 0.0984, 2.3622 -7.0886 0.1216, 2.3622 -7.0897 0.1362, 2.3622 -7.0874 0.1554, 2.3622 -7.0869 0.1592, 2.3622 -7.0788 0.1804, 2.3622 -7.0689 0.1945, 2.3622 -7.0656 0.1993, 2.3622 -7.0493 0.2138, 2.3622 -7.0282 0.225, 2.3622 -7.0048 0.2306, 2.3622 -6.9949 0.2311, 2.3622 -6.9725 0.2284, 2.3622 -6.9513 0.2206, 2.3622 -6.9446 0.2169, 2.3622 -6.9301 0.2469, 2.3622 -6.9088 0.2723, 2.3622 -6.8834 0.2909, 2.3622 -6.8524 0.3035, 2.3622 -6.8174 0.308, 2.3622 -6.7852 0.304, 2.3622 -6.7555 0.2926, 2.3622 -6.7288 0.2741, 2.3622 -6.7265 0.272, 2.3622 -6.7051 0.2464, 2.3622 -6.6904 0.2159, 2.3622 -6.6857 0.1945, 2.3622 -6.6846 0.1894, 2.3622 -6.677 0.1894, 2.3622 -6.6589 0.1871, 2.3622 -6.6424 0.1808, 2.3622 -6.6277 0.1705, 2.3622 -6.6168 0.1583, 2.3622 -6.6152 0.1554, 2.3622 -6.6079 0.142, 2.3622 -6.6035 0.1237, 2.3622 -6.603 0.1154, 2.3622 -6.6053 0.0969, 2.3622 -6.6118 0.08, 2.3622 -6.6223 0.0652, 2.3622 -6.6235 0.0639, 2.3622 -6.6375 0.0524, 2.3622 -6.6542 0.0446, 2.3622 -6.6713 0.0414, 2.3622 -6.714 0.0414, 2.3622 -6.7159 0.0416, 2.3622 -6.7188 0.0422, 2.3622 -6.7197 0.0423, 2.3622 -6.7271 0.0414, 2.3622 -6.7336 0.0388, 2.3622 -6.7394 0.0347, 2.3622 -6.7433 0.0303, 2.3622 -6.747 0.0239, 2.3622 -6.7489 0.0166, 2.3622 -6.7491 0.0129, 2.3622 -6.7482 0.0058, 2.3622 -6.7457 -0.0006, 2.3622 -6.7416 -0.0066, 2.3622 -6.7394 -0.0088, 2.3622 -6.7332 -0.0132, 2.3622 -6.7269 -0.0157, 2.3622 -6.7216 -0.0165, 2.3622 -6.6656 -0.0165, 2.3622 -6.634 -0.0098, 2.3622 -6.6051 0.0043, 2.3622 -6.5793 0.0262, 2.3622 -6.5604 0.0524, 2.3622 -6.5485 0.0825, 2.3622 -6.9446 0.0518, 2.3622 -6.9367 0.0509, 2.3622 -6.9279 0.0478, 2.3622 -6.9202 0.0426, 2.3622 -6.9141 0.0358, 2.3622 -6.91 0.028, 2.3622 -6.9078 0.0192, 2.3622 -6.9078 0.0105, 2.3622 -6.9101 0.0014, 2.3622 -6.9145 -0.0067, 2.3622 -6.9196 -0.0125, 2.3622 -6.9269 -0.0177, 2.3622 -6.9351 -0.021, 2.3622 -6.9446 -0.0222, 2.3622 -6.9462 -0.0222, 2.3622 -6.9547 -0.0208, 2.3622 -6.9633 -0.0171, 2.3622 -6.9705 -0.0115, 2.3622 -6.976 -0.0048, 2.3622 -6.9797 0.0032, 2.3622 -6.9815 0.0121, 2.3622 -6.981 0.0213, 2.3622 -6.9782 0.0303, 2.3622 -6.9733 0.0381, 2.3622 -6.9696 0.0421, 2.3622 -6.9621 0.0473, 2.3622 -6.9539 0.0506
            ]
        }
        coordIndex [
            0,1,2,-1,3,4,5,-1,6,7,8,-1,9,10,2,-1,2,10,11,-1,2,11,0,-1,5,4,12,-1,13,14,15,-1,15,14,16,-1,15,16,17,-1,18,19,15,-1,15,19,20,-1,15,20,13,-1,13,20,21,-1,22,23,24,-1,24,23,25,-1,24,25,26,-1,26,25,27,-1,26,27,28,-1,28,27,29,-1,28,29,30,-1,30,29,2,-1,30,2,31,-1,31,2,32,-1,33,34,22,-1,22,34,35,-1,22,35,23,-1,17,36,15,-1,15,36,37,-1,15,37,38,-1,38,37,39,-1,38,39,40,-1,41,42,43,-1,43,42,44,-1,43,44,45,-1,45,44,46,-1,45,46,47,-1,47,46,48,-1,6,8,49,-1,49,8,50,-1,49,50,51,-1,51,50,52,-1,51,52,53,-1,4,54,12,-1,12,54,55,-1,12,55,56,-1,56,55,57,-1,56,57,6,-1,6,57,58,-1,6,58,7,-1,21,20,22,-1,22,20,59,-1,22,59,33,-1,60,61,62,-1,62,61,63,-1,62,63,64,-1,64,63,65,-1,64,65,66,-1,66,65,67,-1,66,67,68,-1,68,67,69,-1,68,69,70,-1,32,2,71,-1,71,2,1,-1,71,1,72,-1,46,73,48,-1,48,73,74,-1,48,74,75,-1,75,74,76,-1,75,76,77,-1,77,76,78,-1,77,78,79,-1,79,78,80,-1,79,80,81,-1,81,80,82,-1,81,82,83,-1,83,82,84,-1,83,84,60,-1,60,84,85,-1,60,85,61,-1,86,87,88,-1,88,87,89,-1,88,89,43,-1,43,89,90,-1,43,90,41,-1,91,92,93,-1,93,92,94,-1,93,94,95,-1,95,94,96,-1,95,96,97,-1,97,96,98,-1,97,98,99,-1,99,98,100,-1,99,100,9,-1,9,100,101,-1,9,101,10,-1,40,39,102,-1,102,39,103,-1,102,103,104,-1,104,103,105,-1,104,105,106,-1,106,105,107,-1,106,107,108,-1,108,107,109,-1,108,109,110,-1,110,109,111,-1,110,111,112,-1,112,111,113,-1,112,113,114,-1,114,113,115,-1,114,115,116,-1,116,115,117,-1,116,117,118,-1,118,117,119,-1,118,119,1,-1,1,119,120,-1,1,120,72,-1,53,52,121,-1,121,52,122,-1,121,122,123,-1,123,122,124,-1,123,124,125,-1,125,124,126,-1,125,126,127,-1,127,126,128,-1,127,128,86,-1,86,128,129,-1,86,129,87,-1,5,130,3,-1,3,130,131,-1,3,131,132,-1,132,131,133,-1,132,133,134,-1,134,133,135,-1,134,135,91,-1,91,135,136,-1,91,136,92,-1,137,138,139,-1,69,140,70,-1,70,140,137,-1,70,137,141,-1,141,137,139,-1,142,143,137,-1,137,143,144,-1,137,144,138,-1,145,146,147,-1,146,148,147,-1,147,148,149,-1,147,149,150,-1,142,137,147,-1,147,137,151,-1,147,151,145,-1,152,48,153,-1,153,48,75,-1,153,75,154,-1,154,75,77,-1,154,77,155,-1,155,77,79,-1,155,79,156,-1,152,157,48,-1,48,157,158,-1,48,158,47,-1,47,158,159,-1,47,159,45,-1,45,159,160,-1,45,160,43,-1,43,160,161,-1,43,161,88,-1,88,161,162,-1,88,162,86,-1,127,86,163,-1,163,86,162,-1,163,164,127,-1,127,164,165,-1,127,165,125,-1,125,165,166,-1,125,166,123,-1,123,166,167,-1,123,167,121,-1,121,167,168,-1,121,168,53,-1,53,168,51,-1,51,168,169,-1,51,169,170,-1,51,170,171,-1,51,171,49,-1,49,171,172,-1,49,172,6,-1,6,172,173,-1,6,173,56,-1,56,173,174,-1,56,174,12,-1,12,174,175,-1,12,175,5,-1,5,175,176,-1,5,176,130,-1,130,176,177,-1,130,177,131,-1,131,177,178,-1,131,178,133,-1,179,94,92,-1,133,178,180,-1,133,180,135,-1,135,180,181,-1,135,181,136,-1,181,182,136,-1,136,182,183,-1,136,183,92,-1,92,183,184,-1,92,184,179,-1,94,179,185,-1,94,185,96,-1,96,185,186,-1,96,186,98,-1,98,186,187,-1,98,187,100,-1,100,187,188,-1,100,188,101,-1,101,188,189,-1,101,189,10,-1,10,189,190,-1,10,190,11,-1,11,190,191,-1,11,191,0,-1,191,192,0,-1,0,192,193,-1,0,193,1,-1,1,193,194,-1,1,194,118,-1,118,194,195,-1,118,195,116,-1,195,196,116,-1,116,196,197,-1,116,197,114,-1,114,197,198,-1,114,198,112,-1,199,38,40,-1,112,198,200,-1,201,108,200,-1,200,108,110,-1,200,110,112,-1,201,202,108,-1,108,202,203,-1,108,203,106,-1,106,203,204,-1,106,204,104,-1,104,204,205,-1,104,205,102,-1,102,205,206,-1,102,206,40,-1,40,206,207,-1,40,207,199,-1,15,38,208,-1,208,38,199,-1,18,15,209,-1,209,15,208,-1,19,18,210,-1,210,18,209,-1,20,19,211,-1,211,19,210,-1,20,211,212,-1,20,212,59,-1,59,212,213,-1,59,213,33,-1,33,213,214,-1,33,214,34,-1,34,214,215,-1,34,215,35,-1,35,215,216,-1,35,216,23,-1,23,216,217,-1,23,217,25,-1,25,217,218,-1,25,218,27,-1,27,218,219,-1,27,219,29,-1,29,219,220,-1,29,220,2,-1,2,220,221,-1,2,221,9,-1,9,221,222,-1,9,222,99,-1,99,222,223,-1,99,223,97,-1,97,223,224,-1,97,224,95,-1,95,224,225,-1,95,225,93,-1,91,93,225,-1,225,226,91,-1,91,226,227,-1,91,227,228,-1,229,132,228,-1,228,132,134,-1,228,134,91,-1,229,230,132,-1,132,230,231,-1,132,231,3,-1,3,231,232,-1,3,232,4,-1,4,232,233,-1,4,233,54,-1,54,233,234,-1,54,234,55,-1,55,234,235,-1,55,235,57,-1,57,235,236,-1,57,236,58,-1,58,236,237,-1,58,237,7,-1,7,237,238,-1,7,238,8,-1,8,238,239,-1,8,239,50,-1,50,239,240,-1,50,240,52,-1,52,240,241,-1,52,241,122,-1,122,241,242,-1,122,242,124,-1,124,242,243,-1,124,243,126,-1,126,243,244,-1,126,244,128,-1,128,244,245,-1,128,245,129,-1,129,245,246,-1,129,246,87,-1,87,246,247,-1,87,247,89,-1,89,247,248,-1,89,248,90,-1,90,248,41,-1,41,248,249,-1,41,249,250,-1,42,41,251,-1,251,41,250,-1,42,251,252,-1,42,252,44,-1,44,252,253,-1,44,253,46,-1,46,253,254,-1,46,254,73,-1,73,254,255,-1,73,255,74,-1,74,255,256,-1,74,256,76,-1,256,257,76,-1,76,257,258,-1,76,258,78,-1,78,258,259,-1,78,259,80,-1,80,259,260,-1,80,260,82,-1,82,260,261,-1,82,261,84,-1,84,261,262,-1,84,262,85,-1,85,262,263,-1,85,263,61,-1,61,263,264,-1,61,264,63,-1,63,264,265,-1,63,265,65,-1,65,265,266,-1,65,266,67,-1,69,67,267,-1,267,67,266,-1,69,267,268,-1,69,268,140,-1,140,268,269,-1,140,269,137,-1,137,269,270,-1,137,270,151,-1,151,270,271,-1,151,271,145,-1,145,271,272,-1,145,272,146,-1,146,272,273,-1,146,273,148,-1,148,273,274,-1,148,274,149,-1,149,274,275,-1,149,275,150,-1,150,275,276,-1,150,276,147,-1,147,276,277,-1,147,277,142,-1,142,277,278,-1,142,278,143,-1,143,278,279,-1,143,279,144,-1,144,279,280,-1,144,280,138,-1,138,280,281,-1,138,281,139,-1,139,281,282,-1,139,282,141,-1,141,282,283,-1,141,283,70,-1,70,283,284,-1,70,284,68,-1,66,68,285,-1,285,68,284,-1,66,285,286,-1,66,286,64,-1,64,286,287,-1,64,287,62,-1,62,287,288,-1,62,288,60,-1,60,288,289,-1,60,289,83,-1,83,289,290,-1,83,290,81,-1,81,290,156,-1,81,156,79,-1,21,291,292,-1,21,292,13,-1,13,292,293,-1,13,293,14,-1,14,293,294,-1,14,294,16,-1,16,294,295,-1,16,295,17,-1,17,295,296,-1,17,296,36,-1,36,296,297,-1,36,297,37,-1,37,297,298,-1,37,298,39,-1,39,298,299,-1,39,299,103,-1,103,299,300,-1,103,300,105,-1,105,300,301,-1,105,301,107,-1,107,301,302,-1,107,302,109,-1,109,302,303,-1,109,303,111,-1,111,303,304,-1,111,304,113,-1,113,304,305,-1,113,305,115,-1,115,305,306,-1,115,306,117,-1,117,306,307,-1,117,307,119,-1,119,307,308,-1,119,308,120,-1,120,308,309,-1,120,309,72,-1,72,309,310,-1,72,310,71,-1,71,310,311,-1,71,311,32,-1,32,311,312,-1,32,312,31,-1,31,312,313,-1,31,313,30,-1,30,313,314,-1,30,314,28,-1,28,314,315,-1,28,315,26,-1,26,315,316,-1,26,316,24,-1,24,316,317,-1,24,317,22,-1,22,317,291,-1,22,291,21,-1,
        ]
    }
}
Shape{
    appearance Appearance {
        material  Material 	{
            diffuseColor 0.7529411764705882 0.7529411764705882 0.7529411764705882
            specularColor 0.3764705882352941 0.3764705882352941 0.3764705882352941
            ambientIntensity 0.7529
            transparency 0.0
            shininess 0.5
        }
    }
    geometry IndexedFaceSet {
        ccw TRUE
        solid FALSE
        coord DEF co Coordinate {
            point [
                2.3622 -6.9462 -0.0222, 2.3622 -6.9696 0.0421, 2.3622 -6.9733 0.0381, 2.3622 -6.9351 -0.021, 2.3622 -6.9269 -0.0177, 2.3622 -6.9367 0.0509, 2.3622 -6.9446 0.0518, 2.3622 -6.9539 0.0506, 2.3622 -6.9621 0.0473, 2.3622 -6.9797 0.0032, 2.3622 -6.976 -0.0048, 2.3622 -6.9705 -0.0115, 2.3622 -6.9446 -0.0222, 2.3622 -6.9782 0.0303, 2.3622 -6.981 0.0213, 2.3622 -6.9815 0.0121, 2.3622 -6.9633 -0.0171, 2.3622 -6.9547 -0.0208, 2.3622 -6.9196 -0.0125, 2.3622 -6.9145 -0.0067, 2.3622 -6.9101 0.0014, 2.3622 -6.9078 0.0105, 2.3622 -6.9078 0.0192, 2.3622 -6.91 0.028, 2.3622 -6.9141 0.0358, 2.3622 -6.9202 0.0426, 2.3622 -6.9279 0.0478
            ]
        }
        coordIndex [
            0,1,2,-1,3,4,5,-1,6,7,0,-1,0,7,8,-1,0,8,1,-1,9,10,2,-1,2,10,11,-1,6,0,5,-1,5,0,12,-1,5,12,3,-1,13,14,2,-1,2,14,15,-1,2,15,9,-1,11,16,2,-1,2,16,17,-1,2,17,0,-1,4,18,5,-1,5,18,19,-1,5,19,20,-1,20,21,5,-1,5,21,22,-1,5,22,23,-1,23,24,5,-1,5,24,25,-1,5,25,26,-1,
        ]
    }
}